date,cz_da_price_eur_mwh
2015-01-01,20.6
2015-01-02,12.27
2015-01-03,18.29
2015-01-04,13.42
2015-01-05,39.03
2015-01-06,36.37
2015-01-07,38.62
2015-01-08,27.38
2015-01-09,22.09
2015-01-10,9.32
2015-01-11,4.6
2015-01-12,24.2
2015-01-13,27.77
2015-01-14,30.47
2015-01-15,25.3
2015-01-16,35.24
2015-01-17,30.82
2015-01-18,27.36
2015-01-19,42.85
2015-01-20,44.77
2015-01-21,44.46
2015-01-22,44.39
2015-01-23,42.91
2015-01-24,30.49
2015-01-25,26.55
2015-01-26,35.4
2015-01-27,34.54
2015-01-28,28.14
2015-01-29,27.73
2015-01-30,38.42
2015-01-31,29.9
2015-02-01,25.92
2015-02-02,37.77
2015-02-03,46.05
2015-02-04,48.35
2015-02-05,44.61
2015-02-06,39.71
2015-02-07,25.18
2015-02-08,15.76
2015-02-09,29.1
2015-02-10,41.84
2015-02-11,46.44
2015-02-12,44.6
2015-02-13,40.2
2015-02-14,31.22
2015-02-15,27.04
2015-02-16,37.62
2015-02-17,44.04
2015-02-18,42.31
2015-02-19,37.63
2015-02-20,33.57
2015-02-21,27.74
2015-02-22,28.94
2015-02-23,32.94
2015-02-24,33.04
2015-02-25,42.6
2015-02-26,38.11
2015-02-27,40.12
2015-02-28,28.85
2015-03-01,11.84
2015-03-02,26.89
2015-03-03,28.63
2015-03-04,28.92
2015-03-05,37.15
2015-03-06,37.2
2015-03-07,25.19
2015-03-08,19.2
2015-03-09,35.94
2015-03-10,36.73
2015-03-11,35.06
2015-03-12,37.02
2015-03-13,37.66
2015-03-14,30.07
2015-03-15,20.43
2015-03-16,30.4
2015-03-17,33.74
2015-03-18,35.14
2015-03-19,38.88
2015-03-20,35.99
2015-03-21,29.43
2015-03-22,27.34
2015-03-23,36.09
2015-03-24,41.15
2015-03-25,36.62
2015-03-26,40.28
2015-03-27,34.29
2015-03-28,26.91
2015-03-29,11.49
2015-03-30,22.33
2015-03-31,20.91
2015-04-01,17.73
2015-04-02,33.1
2015-04-03,28.44
2015-04-04,31.31
2015-04-05,21.54
2015-04-06,23.99
2015-04-07,36.74
2015-04-08,39.73
2015-04-09,40.33
2015-04-10,35.8
2015-04-11,22.44
2015-04-12,15.09
2015-04-13,23.38
2015-04-14,30.64
2015-04-15,26.21
2015-04-16,34.47
2015-04-17,37.23
2015-04-18,24.24
2015-04-19,16.92
2015-04-20,32.18
2015-04-21,29.01
2015-04-22,35.22
2015-04-23,35.37
2015-04-24,33.05
2015-04-25,28.93
2015-04-26,23.3
2015-04-27,34.44
2015-04-28,37.86
2015-04-29,33.03
2015-04-30,33.6
2015-05-01,24.11
2015-05-02,26.17
2015-05-03,17.04
2015-05-04,31.01
2015-05-05,26.42
2015-05-06,28.09
2015-05-07,26.83
2015-05-08,30.12
2015-05-09,16.29
2015-05-10,7.81
2015-05-11,30.46
2015-05-12,27.8
2015-05-13,27.0
2015-05-14,21.6
2015-05-15,29.67
2015-05-16,18.87
2015-05-17,11.8
2015-05-18,29.71
2015-05-19,29.12
2015-05-20,36.0
2015-05-21,33.59
2015-05-22,32.46
2015-05-23,24.54
2015-05-24,18.22
2015-05-25,20.61
2015-05-26,30.88
2015-05-27,32.14
2015-05-28,29.55
2015-05-29,30.83
2015-05-30,19.95
2015-05-31,18.23
2015-06-01,33.66
2015-06-02,24.14
2015-06-03,28.95
2015-06-04,29.56
2015-06-05,29.99
2015-06-06,24.97
2015-06-07,19.68
2015-06-08,33.03
2015-06-09,34.67
2015-06-10,33.38
2015-06-11,33.54
2015-06-12,33.6
2015-06-13,24.57
2015-06-14,18.38
2015-06-15,34.28
2015-06-16,35.66
2015-06-17,32.91
2015-06-18,33.3
2015-06-19,31.58
2015-06-20,26.75
2015-06-21,23.55
2015-06-22,36.29
2015-06-23,33.12
2015-06-24,32.78
2015-06-25,36.13
2015-06-26,36.15
2015-06-27,27.89
2015-06-28,23.29
2015-06-29,37.58
2015-06-30,36.74
2015-07-01,34.14
2015-07-02,34.02
2015-07-03,41.74
2015-07-04,38.51
2015-07-05,28.28
2015-07-06,40.81
2015-07-07,44.92
2015-07-08,31.42
2015-07-09,28.94
2015-07-10,34.32
2015-07-11,32.31
2015-07-12,27.88
2015-07-13,48.81
2015-07-14,55.13
2015-07-15,46.15
2015-07-16,48.6
2015-07-17,39.15
2015-07-18,32.61
2015-07-19,27.44
2015-07-20,43.01
2015-07-21,52.35
2015-07-22,48.65
2015-07-23,47.18
2015-07-24,48.46
2015-07-25,19.46
2015-07-26,15.9
2015-07-27,29.89
2015-07-28,25.98
2015-07-29,31.68
2015-07-30,26.92
2015-07-31,33.05
2015-08-01,25.56
2015-08-02,20.27
2015-08-03,31.6
2015-08-04,31.52
2015-08-05,34.54
2015-08-06,34.2
2015-08-07,34.42
2015-08-08,25.05
2015-08-09,22.82
2015-08-10,34.89
2015-08-11,36.5
2015-08-12,38.77
2015-08-13,35.07
2015-08-14,42.78
2015-08-15,28.73
2015-08-16,29.74
2015-08-17,43.42
2015-08-18,42.35
2015-08-19,41.83
2015-08-20,37.79
2015-08-21,31.53
2015-08-22,24.84
2015-08-23,13.99
2015-08-24,30.1
2015-08-25,27.73
2015-08-26,30.23
2015-08-27,33.37
2015-08-28,37.96
2015-08-29,31.23
2015-08-30,27.38
2015-08-31,53.1
2015-09-01,36.07
2015-09-02,42.02
2015-09-03,40.78
2015-09-04,34.03
2015-09-05,20.81
2015-09-06,3.5
2015-09-07,37.21
2015-09-08,38.11
2015-09-09,35.42
2015-09-10,32.27
2015-09-11,32.83
2015-09-12,29.13
2015-09-13,27.14
2015-09-14,33.0
2015-09-15,27.76
2015-09-16,33.79
2015-09-17,28.68
2015-09-18,44.89
2015-09-19,31.09
2015-09-20,28.2
2015-09-21,42.27
2015-09-22,37.09
2015-09-23,41.18
2015-09-24,40.54
2015-09-25,36.97
2015-09-26,32.06
2015-09-27,26.53
2015-09-28,34.47
2015-09-29,35.86
2015-09-30,38.35
2015-10-01,39.44
2015-10-02,37.3
2015-10-03,29.03
2015-10-04,28.01
2015-10-05,38.52
2015-10-06,37.74
2015-10-07,41.28
2015-10-08,46.5
2015-10-09,45.56
2015-10-10,32.78
2015-10-11,25.22
2015-10-12,37.65
2015-10-13,42.13
2015-10-14,45.77
2015-10-15,43.6
2015-10-16,49.02
2015-10-17,37.98
2015-10-18,34.11
2015-10-19,48.32
2015-10-20,48.34
2015-10-21,42.42
2015-10-22,36.67
2015-10-23,37.67
2015-10-24,32.34
2015-10-25,29.67
2015-10-26,39.65
2015-10-27,39.02
2015-10-28,40.99
2015-10-29,48.29
2015-10-30,45.42
2015-10-31,31.14
2015-11-01,32.82
2015-11-02,44.17
2015-11-03,43.72
2015-11-04,41.22
2015-11-05,42.75
2015-11-06,38.1
2015-11-07,28.78
2015-11-08,23.23
2015-11-09,36.73
2015-11-10,35.94
2015-11-11,41.35
2015-11-12,39.23
2015-11-13,42.62
2015-11-14,31.26
2015-11-15,30.36
2015-11-16,35.03
2015-11-17,32.44
2015-11-18,28.56
2015-11-19,30.26
2015-11-20,37.07
2015-11-21,33.57
2015-11-22,26.73
2015-11-23,44.27
2015-11-24,37.52
2015-11-25,44.42
2015-11-26,47.5
2015-11-27,38.74
2015-11-28,27.79
2015-11-29,18.38
2015-11-30,29.54
2015-12-01,36.56
2015-12-02,35.71
2015-12-03,41.96
2015-12-04,32.39
2015-12-05,21.0
2015-12-06,16.05
2015-12-07,41.02
2015-12-08,35.65
2015-12-09,34.76
2015-12-10,32.98
2015-12-11,33.31
2015-12-12,26.68
2015-12-13,26.41
2015-12-14,42.55
2015-12-15,42.83
2015-12-16,35.58
2015-12-17,33.33
2015-12-18,32.29
2015-12-19,26.94
2015-12-20,22.65
2015-12-21,30.05
2015-12-22,22.88
2015-12-23,23.53
2015-12-24,16.58
2015-12-25,13.25
2015-12-26,8.97
2015-12-27,15.74
2015-12-28,29.62
2015-12-29,30.33
2015-12-30,28.12
2015-12-31,21.75
2016-01-01,18.04
2016-01-02,28.78
2016-01-03,19.8
2016-01-04,39.44
2016-01-05,35.4
2016-01-06,35.71
2016-01-07,39.87
2016-01-08,35.15
2016-01-09,29.01
2016-01-10,32.4
2016-01-11,33.72
2016-01-12,30.88
2016-01-13,30.58
2016-01-14,32.52
2016-01-15,39.61
2016-01-16,28.3
2016-01-17,26.9
2016-01-18,41.05
2016-01-19,41.07
2016-01-20,49.49
2016-01-21,55.47
2016-01-22,36.81
2016-01-23,28.43
2016-01-24,25.27
2016-01-25,32.52
2016-01-26,26.24
2016-01-27,24.98
2016-01-28,28.8
2016-01-29,23.42
2016-01-30,18.46
2016-01-31,20.52
2016-02-01,29.66
2016-02-02,26.61
2016-02-03,26.59
2016-02-04,28.5
2016-02-05,30.32
2016-02-06,17.9
2016-02-07,8.94
2016-02-08,25.96
2016-02-09,29.03
2016-02-10,25.49
2016-02-11,26.51
2016-02-12,31.07
2016-02-13,22.09
2016-02-14,12.42
2016-02-15,25.31
2016-02-16,29.82
2016-02-17,24.89
2016-02-18,25.82
2016-02-19,25.84
2016-02-20,12.87
2016-02-21,7.54
2016-02-22,18.95
2016-02-23,23.51
2016-02-24,24.43
2016-02-25,27.68
2016-02-26,27.33
2016-02-27,22.39
2016-02-28,16.68
2016-02-29,23.55
2016-03-01,23.43
2016-03-02,23.42
2016-03-03,28.36
2016-03-04,24.37
2016-03-05,22.05
2016-03-06,16.68
2016-03-07,28.9
2016-03-08,28.15
2016-03-09,24.96
2016-03-10,26.88
2016-03-11,26.82
2016-03-12,24.53
2016-03-13,20.78
2016-03-14,26.4
2016-03-15,26.8
2016-03-16,25.27
2016-03-17,27.11
2016-03-18,25.45
2016-03-19,23.4
2016-03-20,18.48
2016-03-21,25.34
2016-03-22,28.09
2016-03-23,27.9
2016-03-24,27.93
2016-03-25,23.76
2016-03-26,18.21
2016-03-27,3.77
2016-03-28,6.17
2016-03-29,23.35
2016-03-30,29.53
2016-03-31,29.02
2016-04-01,27.81
2016-04-02,21.06
2016-04-03,17.65
2016-04-04,27.26
2016-04-05,28.1
2016-04-06,23.13
2016-04-07,23.37
2016-04-08,28.78
2016-04-09,23.9
2016-04-10,19.53
2016-04-11,26.01
2016-04-12,29.38
2016-04-13,28.56
2016-04-14,27.13
2016-04-15,24.71
2016-04-16,17.26
2016-04-17,18.05
2016-04-18,23.88
2016-04-19,21.59
2016-04-20,23.02
2016-04-21,25.64
2016-04-22,26.3
2016-04-23,24.02
2016-04-24,17.43
2016-04-25,27.6
2016-04-26,29.34
2016-04-27,29.56
2016-04-28,29.35
2016-04-29,26.93
2016-04-30,24.49
2016-05-01,17.16
2016-05-02,27.57
2016-05-03,27.19
2016-05-04,28.93
2016-05-05,24.81
2016-05-06,23.17
2016-05-07,17.27
2016-05-08,7.71
2016-05-09,30.7
2016-05-10,28.19
2016-05-11,25.72
2016-05-12,26.6
2016-05-13,26.65
2016-05-14,12.6
2016-05-15,1.86
2016-05-16,29.32
2016-05-17,31.62
2016-05-18,31.73
2016-05-19,31.76
2016-05-20,29.0
2016-05-21,20.39
2016-05-22,12.08
2016-05-23,29.85
2016-05-24,31.54
2016-05-25,31.72
2016-05-26,27.47
2016-05-27,29.33
2016-05-28,23.34
2016-05-29,13.42
2016-05-30,27.68
2016-05-31,28.82
2016-06-01,30.77
2016-06-02,33.49
2016-06-03,29.34
2016-06-04,24.71
2016-06-05,20.33
2016-06-06,34.23
2016-06-07,34.12
2016-06-08,38.7
2016-06-09,39.05
2016-06-10,30.9
2016-06-11,26.94
2016-06-12,24.79
2016-06-13,33.21
2016-06-14,33.28
2016-06-15,34.49
2016-06-16,31.36
2016-06-17,29.95
2016-06-18,23.22
2016-06-19,19.88
2016-06-20,45.24
2016-06-21,34.65
2016-06-22,35.91
2016-06-23,38.29
2016-06-24,36.09
2016-06-25,31.53
2016-06-26,27.59
2016-06-27,39.28
2016-06-28,34.26
2016-06-29,33.97
2016-06-30,34.98
2016-07-01,35.87
2016-07-02,23.04
2016-07-03,15.53
2016-07-04,30.24
2016-07-05,26.11
2016-07-06,19.47
2016-07-07,30.06
2016-07-08,29.48
2016-07-09,19.77
2016-07-10,18.44
2016-07-11,37.74
2016-07-12,44.76
2016-07-13,33.48
2016-07-14,36.7
2016-07-15,29.83
2016-07-16,25.33
2016-07-17,21.59
2016-07-18,32.55
2016-07-19,33.54
2016-07-20,31.18
2016-07-21,35.62
2016-07-22,33.15
2016-07-23,26.93
2016-07-24,24.98
2016-07-25,33.51
2016-07-26,35.18
2016-07-27,34.85
2016-07-28,34.74
2016-07-29,29.52
2016-07-30,26.09
2016-07-31,24.59
2016-08-01,31.42
2016-08-02,31.8
2016-08-03,29.52
2016-08-04,28.41
2016-08-05,31.61
2016-08-06,24.46
2016-08-07,10.96
2016-08-08,24.56
2016-08-09,29.62
2016-08-10,29.76
2016-08-11,30.8
2016-08-12,28.2
2016-08-13,20.09
2016-08-14,20.99
2016-08-15,27.92
2016-08-16,30.65
2016-08-17,30.27
2016-08-18,30.44
2016-08-19,30.3
2016-08-20,24.98
2016-08-21,16.2
2016-08-22,28.22
2016-08-23,30.08
2016-08-24,30.18
2016-08-25,28.96
2016-08-26,29.74
2016-08-27,27.02
2016-08-28,21.97
2016-08-29,31.46
2016-08-30,33.11
2016-08-31,32.98
2016-09-01,34.79
2016-09-02,34.64
2016-09-03,27.52
2016-09-04,22.23
2016-09-05,36.84
2016-09-06,35.23
2016-09-07,31.78
2016-09-08,30.6
2016-09-09,32.73
2016-09-10,27.75
2016-09-11,26.67
2016-09-12,36.1
2016-09-13,39.44
2016-09-14,41.95
2016-09-15,34.48
2016-09-16,34.13
2016-09-17,29.35
2016-09-18,24.82
2016-09-19,37.34
2016-09-20,35.14
2016-09-21,37.03
2016-09-22,34.7
2016-09-23,31.8
2016-09-24,27.21
2016-09-25,25.31
2016-09-26,38.78
2016-09-27,41.51
2016-09-28,32.78
2016-09-29,37.78
2016-09-30,42.38
2016-10-01,40.42
2016-10-02,36.57
2016-10-03,58.07
2016-10-04,33.64
2016-10-05,41.03
2016-10-06,48.2
2016-10-07,46.82
2016-10-08,33.74
2016-10-09,36.14
2016-10-10,61.39
2016-10-11,52.94
2016-10-12,56.35
2016-10-13,62.49
2016-10-14,43.73
2016-10-15,35.09
2016-10-16,33.4
2016-10-17,45.53
2016-10-18,47.51
2016-10-19,47.61
2016-10-20,47.06
2016-10-21,42.68
2016-10-22,38.02
2016-10-23,33.55
2016-10-24,40.66
2016-10-25,51.0
2016-10-26,44.89
2016-10-27,39.73
2016-10-28,34.71
2016-10-29,33.5
2016-10-30,36.36
2016-10-31,43.99
2016-11-01,34.98
2016-11-02,38.24
2016-11-03,50.57
2016-11-04,40.89
2016-11-05,39.09
2016-11-06,34.86
2016-11-07,46.5
2016-11-08,55.21
2016-11-09,49.68
2016-11-10,51.21
2016-11-11,49.63
2016-11-12,39.87
2016-11-13,36.08
2016-11-14,41.36
2016-11-15,38.88
2016-11-16,42.12
2016-11-17,36.33
2016-11-18,34.78
2016-11-19,30.13
2016-11-20,17.75
2016-11-21,34.62
2016-11-22,39.88
2016-11-23,44.56
2016-11-24,39.34
2016-11-25,42.26
2016-11-26,36.98
2016-11-27,30.13
2016-11-28,43.06
2016-11-29,42.78
2016-11-30,38.7
2016-12-01,35.84
2016-12-02,41.33
2016-12-03,40.58
2016-12-04,36.93
2016-12-05,48.98
2016-12-06,51.43
2016-12-07,44.88
2016-12-08,36.68
2016-12-09,36.64
2016-12-10,31.19
2016-12-11,28.5
2016-12-12,47.48
2016-12-13,49.51
2016-12-14,57.07
2016-12-15,48.64
2016-12-16,55.82
2016-12-17,44.98
2016-12-18,39.84
2016-12-19,61.96
2016-12-20,50.13
2016-12-21,51.94
2016-12-22,46.44
2016-12-23,35.19
2016-12-24,18.11
2016-12-25,2.03
2016-12-26,0.96
2016-12-27,15.9
2016-12-28,38.22
2016-12-29,45.03
2016-12-30,41.08
2016-12-31,35.36
2017-01-01,23.88
2017-01-02,48.96
2017-01-03,39.4
2017-01-04,33.78
2017-01-05,52.27
2017-01-06,50.9
2017-01-07,41.18
2017-01-08,41.53
2017-01-09,55.69
2017-01-10,55.21
2017-01-11,55.3
2017-01-12,42.45
2017-01-13,41.9
2017-01-14,32.78
2017-01-15,40.3
2017-01-16,76.29
2017-01-17,86.82
2017-01-18,80.62
2017-01-19,73.32
2017-01-20,66.79
2017-01-21,48.5
2017-01-22,40.6
2017-01-23,74.57
2017-01-24,91.8
2017-01-25,82.6
2017-01-26,53.62
2017-01-27,46.82
2017-01-28,39.71
2017-01-29,35.46
2017-01-30,63.88
2017-01-31,66.6
2017-02-01,57.19
2017-02-02,50.68
2017-02-03,49.49
2017-02-04,42.76
2017-02-05,43.2
2017-02-06,63.66
2017-02-07,56.8
2017-02-08,59.92
2017-02-09,60.35
2017-02-10,44.62
2017-02-11,38.28
2017-02-12,32.88
2017-02-13,45.89
2017-02-14,45.28
2017-02-15,47.43
2017-02-16,40.02
2017-02-17,42.95
2017-02-18,41.58
2017-02-19,30.94
2017-02-20,28.5
2017-02-21,33.77
2017-02-22,23.34
2017-02-23,26.8
2017-02-24,29.89
2017-02-25,28.84
2017-02-26,14.9
2017-02-27,28.46
2017-02-28,28.4
2017-03-01,36.35
2017-03-02,29.25
2017-03-03,38.13
2017-03-04,30.36
2017-03-05,17.79
2017-03-06,40.52
2017-03-07,41.72
2017-03-08,34.47
2017-03-09,38.18
2017-03-10,35.29
2017-03-11,33.75
2017-03-12,23.26
2017-03-13,37.23
2017-03-14,34.85
2017-03-15,33.04
2017-03-16,34.28
2017-03-17,28.3
2017-03-18,20.66
2017-03-19,16.01
2017-03-20,26.77
2017-03-21,30.4
2017-03-22,36.7
2017-03-23,35.26
2017-03-24,33.9
2017-03-25,26.43
2017-03-26,25.95
2017-03-27,35.44
2017-03-28,33.4
2017-03-29,29.79
2017-03-30,32.88
2017-03-31,31.28
2017-04-01,31.16
2017-04-02,26.61
2017-04-03,39.63
2017-04-04,38.83
2017-04-05,31.71
2017-04-06,30.27
2017-04-07,32.82
2017-04-08,33.69
2017-04-09,26.64
2017-04-10,31.64
2017-04-11,33.04
2017-04-12,29.67
2017-04-13,30.2
2017-04-14,29.9
2017-04-15,16.87
2017-04-16,16.08
2017-04-17,24.39
2017-04-18,34.7
2017-04-19,38.07
2017-04-20,38.68
2017-04-21,28.58
2017-04-22,13.77
2017-04-23,12.19
2017-04-24,31.67
2017-04-25,37.35
2017-04-26,40.71
2017-04-27,37.32
2017-04-28,37.56
2017-04-29,29.33
2017-04-30,5.69
2017-05-01,3.81
2017-05-02,28.42
2017-05-03,33.4
2017-05-04,32.41
2017-05-05,37.64
2017-05-06,31.39
2017-05-07,28.0
2017-05-08,32.02
2017-05-09,39.45
2017-05-10,37.82
2017-05-11,36.27
2017-05-12,35.02
2017-05-13,32.79
2017-05-14,27.69
2017-05-15,38.38
2017-05-16,36.36
2017-05-17,32.58
2017-05-18,35.1
2017-05-19,34.72
2017-05-20,30.76
2017-05-21,23.6
2017-05-22,48.76
2017-05-23,44.35
2017-05-24,49.87
2017-05-25,40.86
2017-05-26,34.51
2017-05-27,25.66
2017-05-28,20.18
2017-05-29,38.15
2017-05-30,37.46
2017-05-31,34.54
2017-06-01,37.06
2017-06-02,36.28
2017-06-03,29.62
2017-06-04,22.09
2017-06-05,35.88
2017-06-06,38.24
2017-06-07,35.17
2017-06-08,33.4
2017-06-09,33.83
2017-06-10,28.92
2017-06-11,21.75
2017-06-12,35.95
2017-06-13,35.29
2017-06-14,38.97
2017-06-15,36.24
2017-06-16,37.11
2017-06-17,27.2
2017-06-18,27.52
2017-06-19,40.63
2017-06-20,38.42
2017-06-21,40.67
2017-06-22,42.79
2017-06-23,34.58
2017-06-24,25.63
2017-06-25,18.57
2017-06-26,44.08
2017-06-27,51.05
2017-06-28,42.51
2017-06-29,38.82
2017-06-30,37.85
2017-07-01,31.35
2017-07-02,26.12
2017-07-03,34.93
2017-07-04,36.15
2017-07-05,38.77
2017-07-06,38.89
2017-07-07,38.43
2017-07-08,33.8
2017-07-09,34.06
2017-07-10,59.78
2017-07-11,55.81
2017-07-12,54.58
2017-07-13,34.67
2017-07-14,49.84
2017-07-15,38.09
2017-07-16,29.9
2017-07-17,38.17
2017-07-18,51.25
2017-07-19,56.86
2017-07-20,54.44
2017-07-21,50.41
2017-07-22,38.15
2017-07-23,31.76
2017-07-24,47.18
2017-07-25,38.87
2017-07-26,36.27
2017-07-27,36.95
2017-07-28,35.02
2017-07-29,25.19
2017-07-30,24.44
2017-07-31,47.73
2017-08-01,59.77
2017-08-02,47.55
2017-08-03,62.07
2017-08-04,36.54
2017-08-05,27.57
2017-08-06,21.89
2017-08-07,32.55
2017-08-08,32.13
2017-08-09,33.2
2017-08-10,36.1
2017-08-11,36.78
2017-08-12,23.53
2017-08-13,21.25
2017-08-14,32.24
2017-08-15,30.32
2017-08-16,35.75
2017-08-17,34.01
2017-08-18,33.6
2017-08-19,15.07
2017-08-20,9.14
2017-08-21,33.32
2017-08-22,36.24
2017-08-23,36.34
2017-08-24,35.99
2017-08-25,38.19
2017-08-26,33.81
2017-08-27,29.13
2017-08-28,40.99
2017-08-29,36.58
2017-08-30,36.31
2017-08-31,39.18
2017-09-01,39.74
2017-09-02,33.65
2017-09-03,29.42
2017-09-04,37.43
2017-09-05,37.64
2017-09-06,34.05
2017-09-07,33.43
2017-09-08,29.3
2017-09-09,29.5
2017-09-10,25.41
2017-09-11,23.75
2017-09-12,30.4
2017-09-13,18.52
2017-09-14,25.61
2017-09-15,35.87
2017-09-16,37.53
2017-09-17,34.18
2017-09-18,42.64
2017-09-19,42.37
2017-09-20,39.73
2017-09-21,40.14
2017-09-22,39.07
2017-09-23,35.9
2017-09-24,32.92
2017-09-25,40.96
2017-09-26,40.46
2017-09-27,39.3
2017-09-28,41.02
2017-09-29,38.87
2017-09-30,32.82
2017-10-01,24.72
2017-10-02,20.71
2017-10-03,24.46
2017-10-04,28.89
2017-10-05,26.95
2017-10-06,29.8
2017-10-07,11.95
2017-10-08,26.82
2017-10-09,43.85
2017-10-10,38.34
2017-10-11,31.94
2017-10-12,28.71
2017-10-13,39.85
2017-10-14,31.62
2017-10-15,30.35
2017-10-16,38.95
2017-10-17,38.5
2017-10-18,48.7
2017-10-19,45.52
2017-10-20,37.98
2017-10-21,33.16
2017-10-22,20.25
2017-10-23,45.35
2017-10-24,40.3
2017-10-25,33.43
2017-10-26,38.35
2017-10-27,29.39
2017-10-28,-0.25
2017-10-29,-16.07
2017-10-30,31.67
2017-10-31,36.54
2017-11-01,30.0
2017-11-02,38.08
2017-11-03,50.62
2017-11-04,33.01
2017-11-05,31.99
2017-11-06,53.68
2017-11-07,51.17
2017-11-08,63.64
2017-11-09,51.28
2017-11-10,34.89
2017-11-11,24.47
2017-11-12,33.72
2017-11-13,47.87
2017-11-14,43.17
2017-11-15,64.46
2017-11-16,46.66
2017-11-17,41.87
2017-11-18,19.06
2017-11-19,6.6
2017-11-20,40.8
2017-11-21,49.71
2017-11-22,32.34
2017-11-23,26.82
2017-11-24,42.47
2017-11-25,37.25
2017-11-26,15.42
2017-11-27,27.57
2017-11-28,42.01
2017-11-29,68.23
2017-11-30,73.05
2017-12-01,65.17
2017-12-02,39.75
2017-12-03,31.04
2017-12-04,38.51
2017-12-05,35.87
2017-12-06,32.89
2017-12-07,35.32
2017-12-08,35.55
2017-12-09,23.98
2017-12-10,19.31
2017-12-11,45.35
2017-12-12,38.16
2017-12-13,38.57
2017-12-14,39.25
2017-12-15,48.98
2017-12-16,35.52
2017-12-17,32.38
2017-12-18,49.38
2017-12-19,62.81
2017-12-20,59.68
2017-12-21,46.19
2017-12-22,39.22
2017-12-23,15.84
2017-12-24,-6.55
2017-12-25,3.6
2017-12-26,-0.8
2017-12-27,30.87
2017-12-28,32.28
2017-12-29,23.2
2017-12-30,18.26
2017-12-31,5.56
2018-01-01,-1.99
2018-01-02,33.03
2018-01-03,24.77
2018-01-04,28.08
2018-01-05,31.25
2018-01-06,33.82
2018-01-07,23.09
2018-01-08,34.28
2018-01-09,32.67
2018-01-10,43.11
2018-01-11,46.76
2018-01-12,42.73
2018-01-13,34.45
2018-01-14,26.85
2018-01-15,35.46
2018-01-16,32.53
2018-01-17,36.04
2018-01-18,34.31
2018-01-19,39.31
2018-01-20,35.32
2018-01-21,33.54
2018-01-22,37.67
2018-01-23,38.15
2018-01-24,37.8
2018-01-25,36.7
2018-01-26,44.09
2018-01-27,29.86
2018-01-28,16.03
2018-01-29,34.74
2018-01-30,35.81
2018-01-31,36.58
2018-02-01,36.01
2018-02-02,41.57
2018-02-03,37.81
2018-02-04,33.51
2018-02-05,47.03
2018-02-06,49.97
2018-02-07,48.37
2018-02-08,47.4
2018-02-09,41.92
2018-02-10,36.68
2018-02-11,13.21
2018-02-12,35.1
2018-02-13,40.31
2018-02-14,40.03
2018-02-15,34.82
2018-02-16,39.3
2018-02-17,40.16
2018-02-18,36.03
2018-02-19,46.78
2018-02-20,49.08
2018-02-21,48.17
2018-02-22,45.99
2018-02-23,46.76
2018-02-24,29.6
2018-02-25,32.55
2018-02-26,50.29
2018-02-27,50.99
2018-02-28,48.51
2018-03-01,45.19
2018-03-02,43.1
2018-03-03,34.75
2018-03-04,30.99
2018-03-05,47.78
2018-03-06,47.8
2018-03-07,49.17
2018-03-08,35.01
2018-03-09,37.8
2018-03-10,32.42
2018-03-11,23.99
2018-03-12,38.98
2018-03-13,39.44
2018-03-14,46.98
2018-03-15,27.16
2018-03-16,25.69
2018-03-17,15.82
2018-03-18,10.44
2018-03-19,49.01
2018-03-20,44.19
2018-03-21,50.24
2018-03-22,41.4
2018-03-23,53.4
2018-03-24,41.62
2018-03-25,30.67
2018-03-26,51.3
2018-03-27,46.0
2018-03-28,39.6
2018-03-29,38.98
2018-03-30,24.28
2018-03-31,26.26
2018-04-01,18.77
2018-04-02,21.15
2018-04-03,39.05
2018-04-04,37.6
2018-04-05,31.37
2018-04-06,34.49
2018-04-07,15.97
2018-04-08,23.99
2018-04-09,40.24
2018-04-10,36.25
2018-04-11,34.06
2018-04-12,29.21
2018-04-13,38.76
2018-04-14,32.63
2018-04-15,30.11
2018-04-16,46.43
2018-04-17,44.07
2018-04-18,40.92
2018-04-19,39.22
2018-04-20,38.37
2018-04-21,30.27
2018-04-22,19.24
2018-04-23,33.75
2018-04-24,34.45
2018-04-25,29.0
2018-04-26,33.3
2018-04-27,37.96
2018-04-28,28.58
2018-04-29,17.23
2018-04-30,17.76
2018-05-01,-5.44
2018-05-02,40.69
2018-05-03,41.27
2018-05-04,39.73
2018-05-05,27.34
2018-05-06,18.38
2018-05-07,34.16
2018-05-08,29.93
2018-05-09,36.25
2018-05-10,22.6
2018-05-11,40.75
2018-05-12,30.73
2018-05-13,18.46
2018-05-14,36.61
2018-05-15,42.83
2018-05-16,43.94
2018-05-17,37.85
2018-05-18,42.04
2018-05-19,34.6
2018-05-20,20.41
2018-05-21,25.21
2018-05-22,41.79
2018-05-23,44.77
2018-05-24,39.02
2018-05-25,40.41
2018-05-26,35.58
2018-05-27,30.2
2018-05-28,46.05
2018-05-29,44.34
2018-05-30,49.1
2018-05-31,42.24
2018-06-01,50.86
2018-06-02,42.15
2018-06-03,36.7
2018-06-04,48.86
2018-06-05,50.92
2018-06-06,53.44
2018-06-07,52.66
2018-06-08,51.29
2018-06-09,41.12
2018-06-10,35.58
2018-06-11,50.57
2018-06-12,49.08
2018-06-13,49.33
2018-06-14,44.71
2018-06-15,49.96
2018-06-16,39.25
2018-06-17,28.48
2018-06-18,45.86
2018-06-19,46.98
2018-06-20,46.05
2018-06-21,44.74
2018-06-22,31.59
2018-06-23,24.08
2018-06-24,30.11
2018-06-25,48.48
2018-06-26,49.06
2018-06-27,47.01
2018-06-28,48.76
2018-06-29,45.36
2018-06-30,37.63
2018-07-01,30.72
2018-07-02,47.91
2018-07-03,50.65
2018-07-04,54.12
2018-07-05,49.98
2018-07-06,45.23
2018-07-07,32.19
2018-07-08,35.08
2018-07-09,48.88
2018-07-10,55.25
2018-07-11,54.22
2018-07-12,53.37
2018-07-13,51.12
2018-07-14,47.05
2018-07-15,45.59
2018-07-16,54.81
2018-07-17,53.33
2018-07-18,49.94
2018-07-19,52.03
2018-07-20,53.5
2018-07-21,50.18
2018-07-22,46.71
2018-07-23,53.9
2018-07-24,55.59
2018-07-25,58.13
2018-07-26,55.15
2018-07-27,52.64
2018-07-28,45.99
2018-07-29,45.51
2018-07-30,55.55
2018-07-31,57.16
2018-08-01,58.66
2018-08-02,59.03
2018-08-03,64.24
2018-08-04,53.46
2018-08-05,49.3
2018-08-06,64.79
2018-08-07,63.3
2018-08-08,58.01
2018-08-09,55.89
2018-08-10,48.38
2018-08-11,43.57
2018-08-12,48.2
2018-08-13,57.77
2018-08-14,55.89
2018-08-15,56.24
2018-08-16,60.39
2018-08-17,58.85
2018-08-18,52.02
2018-08-19,49.75
2018-08-20,60.59
2018-08-21,68.96
2018-08-22,66.88
2018-08-23,68.77
2018-08-24,58.6
2018-08-25,54.28
2018-08-26,48.91
2018-08-27,52.22
2018-08-28,66.42
2018-08-29,63.16
2018-08-30,57.23
2018-08-31,66.41
2018-09-01,59.72
2018-09-02,51.05
2018-09-03,63.83
2018-09-04,66.0
2018-09-05,67.02
2018-09-06,65.52
2018-09-07,61.95
2018-09-08,50.02
2018-09-09,49.92
2018-09-10,61.6
2018-09-11,60.36
2018-09-12,64.74
2018-09-13,69.76
2018-09-14,64.94
2018-09-15,52.24
2018-09-16,46.51
2018-09-17,61.52
2018-09-18,54.44
2018-09-19,60.25
2018-09-20,58.82
2018-09-21,58.03
2018-09-22,33.41
2018-09-23,41.46
2018-09-24,42.23
2018-09-25,66.03
2018-09-26,50.46
2018-09-27,53.89
2018-09-28,51.73
2018-09-29,46.69
2018-09-30,41.39
2018-10-01,58.73
2018-10-02,48.71
2018-10-03,50.73
2018-10-04,66.28
2018-10-05,60.97
2018-10-06,56.89
2018-10-07,51.79
2018-10-08,67.22
2018-10-09,67.9
2018-10-10,64.62
2018-10-11,58.96
2018-10-12,58.45
2018-10-13,45.72
2018-10-14,33.89
2018-10-15,47.85
2018-10-16,73.44
2018-10-17,71.86
2018-10-18,61.85
2018-10-19,70.2
2018-10-20,56.46
2018-10-21,51.98
2018-10-22,57.56
2018-10-23,55.49
2018-10-24,53.05
2018-10-25,55.77
2018-10-26,58.4
2018-10-27,52.33
2018-10-28,43.03
2018-10-29,50.79
2018-10-30,38.89
2018-10-31,52.39
2018-11-01,48.87
2018-11-02,51.8
2018-11-03,54.73
2018-11-04,45.99
2018-11-05,57.25
2018-11-06,56.94
2018-11-07,57.06
2018-11-08,64.16
2018-11-09,58.75
2018-11-10,42.91
2018-11-11,40.13
2018-11-12,56.78
2018-11-13,53.79
2018-11-14,64.3
2018-11-15,62.88
2018-11-16,59.74
2018-11-17,49.39
2018-11-18,50.42
2018-11-19,58.89
2018-11-20,53.84
2018-11-21,60.27
2018-11-22,81.91
2018-11-23,82.77
2018-11-24,60.78
2018-11-25,58.56
2018-11-26,73.5
2018-11-27,82.01
2018-11-28,56.47
2018-11-29,54.75
2018-11-30,58.85
2018-12-01,54.88
2018-12-02,46.81
2018-12-03,54.49
2018-12-04,56.44
2018-12-05,61.98
2018-12-06,55.44
2018-12-07,52.03
2018-12-08,36.96
2018-12-09,38.78
2018-12-10,45.48
2018-12-11,58.03
2018-12-12,69.66
2018-12-13,67.05
2018-12-14,74.64
2018-12-15,56.52
2018-12-16,49.82
2018-12-17,71.27
2018-12-18,65.14
2018-12-19,63.82
2018-12-20,58.08
2018-12-21,52.92
2018-12-22,41.47
2018-12-23,44.45
2018-12-24,40.58
2018-12-25,21.41
2018-12-26,35.03
2018-12-27,52.42
2018-12-28,54.65
2018-12-29,43.59
2018-12-30,29.69
2018-12-31,48.7
2019-01-01,11.24
2019-01-02,39.8
2019-01-03,59.27
2019-01-04,52.4
2019-01-05,44.12
2019-01-06,52.31
2019-01-07,61.33
2019-01-08,55.88
2019-01-09,58.06
2019-01-10,67.71
2019-01-11,57.75
2019-01-12,46.6
2019-01-13,39.78
2019-01-14,47.93
2019-01-15,49.34
2019-01-16,48.19
2019-01-17,47.81
2019-01-18,63.86
2019-01-19,57.26
2019-01-20,56.41
2019-01-21,73.39
2019-01-22,65.53
2019-01-23,74.01
2019-01-24,83.73
2019-01-25,69.19
2019-01-26,51.13
2019-01-27,40.24
2019-01-28,56.66
2019-01-29,62.68
2019-01-30,61.68
2019-01-31,61.59
2019-02-01,55.89
2019-02-02,50.93
2019-02-03,44.03
2019-02-04,49.2
2019-02-05,55.42
2019-02-06,52.56
2019-02-07,46.22
2019-02-08,47.61
2019-02-09,39.16
2019-02-10,26.0
2019-02-11,42.03
2019-02-12,45.78
2019-02-13,47.11
2019-02-14,50.05
2019-02-15,46.31
2019-02-16,42.43
2019-02-17,38.78
2019-02-18,47.21
2019-02-19,46.18
2019-02-20,43.67
2019-02-21,46.01
2019-02-22,46.79
2019-02-23,41.05
2019-02-24,39.94
2019-02-25,45.28
2019-02-26,43.31
2019-02-27,43.56
2019-02-28,40.36
2019-03-01,46.01
2019-03-02,39.13
2019-03-03,22.17
2019-03-04,23.44
2019-03-05,34.07
2019-03-06,38.78
2019-03-07,28.54
2019-03-08,32.06
2019-03-09,23.47
2019-03-10,20.42
2019-03-11,34.26
2019-03-12,38.01
2019-03-13,31.39
2019-03-14,34.75
2019-03-15,30.09
2019-03-16,21.63
2019-03-17,2.35
2019-03-18,35.11
2019-03-19,45.0
2019-03-20,42.19
2019-03-21,39.97
2019-03-22,40.66
2019-03-23,33.88
2019-03-24,30.88
2019-03-25,32.33
2019-03-26,37.13
2019-03-27,39.44
2019-03-28,42.35
2019-03-29,39.25
2019-03-30,34.77
2019-03-31,30.56
2019-04-01,37.76
2019-04-02,35.93
2019-04-03,42.6
2019-04-04,42.64
2019-04-05,42.8
2019-04-06,36.23
2019-04-07,35.27
2019-04-08,44.16
2019-04-09,43.03
2019-04-10,43.1
2019-04-11,45.76
2019-04-12,45.84
2019-04-13,40.84
2019-04-14,38.22
2019-04-15,42.17
2019-04-16,41.87
2019-04-17,42.07
2019-04-18,38.81
2019-04-19,33.18
2019-04-20,36.68
2019-04-21,30.31
2019-04-22,2.75
2019-04-23,26.16
2019-04-24,34.81
2019-04-25,38.81
2019-04-26,41.9
2019-04-27,33.44
2019-04-28,34.38
2019-04-29,45.96
2019-04-30,42.88
2019-05-01,25.7
2019-05-02,39.53
2019-05-03,43.01
2019-05-04,34.88
2019-05-05,24.6
2019-05-06,43.77
2019-05-07,47.17
2019-05-08,29.9
2019-05-09,44.75
2019-05-10,45.42
2019-05-11,34.87
2019-05-12,22.81
2019-05-13,41.19
2019-05-14,44.55
2019-05-15,45.67
2019-05-16,45.14
2019-05-17,41.43
2019-05-18,35.74
2019-05-19,33.36
2019-05-20,45.04
2019-05-21,41.55
2019-05-22,41.23
2019-05-23,42.97
2019-05-24,39.24
2019-05-25,36.32
2019-05-26,23.28
2019-05-27,36.06
2019-05-28,41.5
2019-05-29,40.76
2019-05-30,26.71
2019-05-31,35.93
2019-06-01,29.2
2019-06-02,17.51
2019-06-03,36.84
2019-06-04,38.98
2019-06-05,36.69
2019-06-06,35.82
2019-06-07,33.35
2019-06-08,-3.84
2019-06-09,24.02
2019-06-10,29.39
2019-06-11,45.11
2019-06-12,44.07
2019-06-13,38.16
2019-06-14,41.51
2019-06-15,29.94
2019-06-16,29.77
2019-06-17,43.4
2019-06-18,42.27
2019-06-19,42.38
2019-06-20,36.53
2019-06-21,38.97
2019-06-22,31.99
2019-06-23,21.99
2019-06-24,34.75
2019-06-25,42.99
2019-06-26,40.0
2019-06-27,43.25
2019-06-28,43.88
2019-06-29,33.29
2019-06-30,13.09
2019-07-01,48.03
2019-07-02,45.61
2019-07-03,42.82
2019-07-04,38.31
2019-07-05,36.73
2019-07-06,29.78
2019-07-07,22.68
2019-07-08,38.76
2019-07-09,37.65
2019-07-10,42.65
2019-07-11,46.53
2019-07-12,44.63
2019-07-13,36.32
2019-07-14,35.65
2019-07-15,45.33
2019-07-16,47.11
2019-07-17,50.65
2019-07-18,51.16
2019-07-19,50.45
2019-07-20,35.21
2019-07-21,30.5
2019-07-22,44.37
2019-07-23,47.55
2019-07-24,52.04
2019-07-25,53.33
2019-07-26,46.79
2019-07-27,36.11
2019-07-28,35.23
2019-07-29,44.17
2019-07-30,44.04
2019-07-31,43.3
2019-08-01,46.33
2019-08-02,43.84
2019-08-03,37.19
2019-08-04,34.06
2019-08-05,45.09
2019-08-06,42.31
2019-08-07,41.92
2019-08-08,38.89
2019-08-09,38.26
2019-08-10,36.15
2019-08-11,25.65
2019-08-12,40.28
2019-08-13,39.67
2019-08-14,41.74
2019-08-15,30.46
2019-08-16,35.34
2019-08-17,28.61
2019-08-18,29.28
2019-08-19,42.33
2019-08-20,47.26
2019-08-21,40.13
2019-08-22,40.97
2019-08-23,46.31
2019-08-24,31.46
2019-08-25,30.7
2019-08-26,48.04
2019-08-27,48.99
2019-08-28,49.95
2019-08-29,48.78
2019-08-30,49.02
2019-08-31,33.87
2019-09-01,31.09
2019-09-02,46.53
2019-09-03,37.74
2019-09-04,35.32
2019-09-05,35.2
2019-09-06,42.61
2019-09-07,35.97
2019-09-08,34.79
2019-09-09,48.4
2019-09-10,37.11
2019-09-11,36.14
2019-09-12,39.05
2019-09-13,39.38
2019-09-14,35.98
2019-09-15,28.67
2019-09-16,45.23
2019-09-17,45.25
2019-09-18,38.6
2019-09-19,46.97
2019-09-20,46.73
2019-09-21,33.65
2019-09-22,31.55
2019-09-23,47.06
2019-09-24,47.02
2019-09-25,51.06
2019-09-26,56.85
2019-09-27,44.64
2019-09-28,31.97
2019-09-29,25.97
2019-09-30,35.38
2019-10-01,40.56
2019-10-02,46.82
2019-10-03,41.04
2019-10-04,43.82
2019-10-05,36.01
2019-10-06,33.92
2019-10-07,48.91
2019-10-08,45.66
2019-10-09,39.75
2019-10-10,31.08
2019-10-11,30.1
2019-10-12,28.66
2019-10-13,26.29
2019-10-14,40.16
2019-10-15,41.51
2019-10-16,38.74
2019-10-17,44.01
2019-10-18,38.55
2019-10-19,33.44
2019-10-20,33.68
2019-10-21,43.63
2019-10-22,46.39
2019-10-23,43.4
2019-10-24,37.69
2019-10-25,34.91
2019-10-26,26.04
2019-10-27,27.63
2019-10-28,40.8
2019-10-29,47.5
2019-10-30,48.31
2019-10-31,41.62
2019-11-01,31.56
2019-11-02,30.15
2019-11-03,28.82
2019-11-04,38.78
2019-11-05,43.26
2019-11-06,49.11
2019-11-07,42.92
2019-11-08,46.79
2019-11-09,39.77
2019-11-10,40.27
2019-11-11,42.12
2019-11-12,46.91
2019-11-13,50.0
2019-11-14,48.23
2019-11-15,42.6
2019-11-16,37.92
2019-11-17,35.52
2019-11-18,43.2
2019-11-19,43.67
2019-11-20,55.9
2019-11-21,49.54
2019-11-22,43.35
2019-11-23,30.98
2019-11-24,34.87
2019-11-25,49.22
2019-11-26,47.47
2019-11-27,40.51
2019-11-28,40.66
2019-11-29,42.76
2019-11-30,42.65
2019-12-01,41.84
2019-12-02,46.51
2019-12-03,51.0
2019-12-04,50.76
2019-12-05,46.51
2019-12-06,42.24
2019-12-07,34.53
2019-12-08,34.22
2019-12-09,41.17
2019-12-10,45.38
2019-12-11,46.88
2019-12-12,48.26
2019-12-13,43.82
2019-12-14,34.56
2019-12-15,31.44
2019-12-16,46.35
2019-12-17,44.09
2019-12-18,43.7
2019-12-19,36.91
2019-12-20,30.27
2019-12-21,29.48
2019-12-22,23.21
2019-12-23,24.46
2019-12-24,22.54
2019-12-25,21.27
2019-12-26,31.37
2019-12-27,39.63
2019-12-28,34.25
2019-12-29,29.55
2019-12-30,29.47
2019-12-31,29.67
2020-01-01,32.07
2020-01-02,42.54
2020-01-03,36.56
2020-01-04,28.5
2020-01-05,34.9
2020-01-06,40.33
2020-01-07,43.26
2020-01-08,44.87
2020-01-09,47.94
2020-01-10,43.62
2020-01-11,35.75
2020-01-12,29.8
2020-01-13,49.85
2020-01-14,44.16
2020-01-15,43.34
2020-01-16,45.9
2020-01-17,43.94
2020-01-18,34.54
2020-01-19,39.31
2020-01-20,45.37
2020-01-21,44.3
2020-01-22,46.38
2020-01-23,50.07
2020-01-24,48.83
2020-01-25,41.23
2020-01-26,37.61
2020-01-27,45.53
2020-01-28,45.72
2020-01-29,43.14
2020-01-30,45.49
2020-01-31,41.28
2020-02-01,37.27
2020-02-02,27.48
2020-02-03,35.67
2020-02-04,35.07
2020-02-05,35.37
2020-02-06,38.27
2020-02-07,39.71
2020-02-08,29.17
2020-02-09,24.44
2020-02-10,29.46
2020-02-11,29.96
2020-02-12,23.66
2020-02-13,32.59
2020-02-14,35.54
2020-02-15,25.54
2020-02-16,14.17
2020-02-17,33.91
2020-02-18,28.78
2020-02-19,34.16
2020-02-20,32.1
2020-02-21,27.45
2020-02-22,27.36
2020-02-23,13.31
2020-02-24,35.65
2020-02-25,31.41
2020-02-26,33.83
2020-02-27,36.82
2020-02-28,32.41
2020-02-29,25.05
2020-03-01,18.24
2020-03-02,35.76
2020-03-03,36.42
2020-03-04,38.4
2020-03-05,34.57
2020-03-06,32.76
2020-03-07,29.29
2020-03-08,22.8
2020-03-09,35.75
2020-03-10,28.56
2020-03-11,27.74
2020-03-12,26.3
2020-03-13,28.92
2020-03-14,30.78
2020-03-15,14.54
2020-03-16,32.31
2020-03-17,29.85
2020-03-18,26.51
2020-03-19,30.08
2020-03-20,24.6
2020-03-21,14.84
2020-03-22,-0.55
2020-03-23,20.82
2020-03-24,20.61
2020-03-25,22.52
2020-03-26,23.32
2020-03-27,22.67
2020-03-28,16.07
2020-03-29,11.06
2020-03-30,23.66
2020-03-31,28.67
2020-04-01,24.25
2020-04-02,23.97
2020-04-03,24.8
2020-04-04,20.93
2020-04-05,5.99
2020-04-06,20.63
2020-04-07,23.71
2020-04-08,25.0
2020-04-09,24.68
2020-04-10,22.13
2020-04-11,20.45
2020-04-12,10.79
2020-04-13,-9.69
2020-04-14,21.88
2020-04-15,21.56
2020-04-16,24.52
2020-04-17,26.36
2020-04-18,20.28
2020-04-19,8.03
2020-04-20,9.4
2020-04-21,13.91
2020-04-22,13.93
2020-04-23,26.98
2020-04-24,19.61
2020-04-25,19.31
2020-04-26,19.05
2020-04-27,27.22
2020-04-28,25.54
2020-04-29,23.01
2020-04-30,19.09
2020-05-01,8.71
2020-05-02,13.28
2020-05-03,14.48
2020-05-04,24.6
2020-05-05,22.73
2020-05-06,21.35
2020-05-07,24.17
2020-05-08,23.91
2020-05-09,21.6
2020-05-10,12.69
2020-05-11,18.87
2020-05-12,21.79
2020-05-13,27.73
2020-05-14,24.16
2020-05-15,21.41
2020-05-16,16.64
2020-05-17,8.56
2020-05-18,20.81
2020-05-19,24.55
2020-05-20,29.65
2020-05-21,18.79
2020-05-22,19.06
2020-05-23,5.17
2020-05-24,-16.79
2020-05-25,20.9
2020-05-26,32.1
2020-05-27,22.6
2020-05-28,20.89
2020-05-29,21.98
2020-05-30,12.43
2020-05-31,2.19
2020-06-01,12.2
2020-06-02,25.33
2020-06-03,26.96
2020-06-04,25.2
2020-06-05,22.78
2020-06-06,6.4
2020-06-07,15.18
2020-06-08,35.9
2020-06-09,35.35
2020-06-10,32.93
2020-06-11,24.7
2020-06-12,21.18
2020-06-13,18.63
2020-06-14,18.06
2020-06-15,33.11
2020-06-16,37.21
2020-06-17,32.78
2020-06-18,32.37
2020-06-19,29.58
2020-06-20,22.16
2020-06-21,21.31
2020-06-22,27.84
2020-06-23,32.05
2020-06-24,35.21
2020-06-25,35.03
2020-06-26,33.91
2020-06-27,26.13
2020-06-28,17.85
2020-06-29,29.91
2020-06-30,23.04
2020-07-01,34.05
2020-07-02,37.99
2020-07-03,35.79
2020-07-04,16.09
2020-07-05,10.81
2020-07-06,27.89
2020-07-07,33.97
2020-07-08,43.16
2020-07-09,43.18
2020-07-10,38.18
2020-07-11,29.27
2020-07-12,25.04
2020-07-13,36.48
2020-07-14,37.97
2020-07-15,42.91
2020-07-16,42.92
2020-07-17,39.75
2020-07-18,29.84
2020-07-19,26.99
2020-07-20,35.02
2020-07-21,34.5
2020-07-22,36.65
2020-07-23,35.69
2020-07-24,32.58
2020-07-25,26.74
2020-07-26,14.39
2020-07-27,32.07
2020-07-28,29.6
2020-07-29,32.82
2020-07-30,35.68
2020-07-31,37.73
2020-08-01,27.23
2020-08-02,28.58
2020-08-03,38.99
2020-08-04,36.05
2020-08-05,30.97
2020-08-06,33.89
2020-08-07,34.01
2020-08-08,30.88
2020-08-09,27.83
2020-08-10,36.1
2020-08-11,34.88
2020-08-12,35.43
2020-08-13,39.43
2020-08-14,41.34
2020-08-15,29.91
2020-08-16,27.4
2020-08-17,40.57
2020-08-18,41.42
2020-08-19,39.31
2020-08-20,36.2
2020-08-21,31.44
2020-08-22,23.47
2020-08-23,14.64
2020-08-24,39.83
2020-08-25,36.71
2020-08-26,26.38
2020-08-27,47.24
2020-08-28,41.21
2020-08-29,36.04
2020-08-30,33.31
2020-08-31,51.32
2020-09-01,54.48
2020-09-02,52.2
2020-09-03,41.34
2020-09-04,39.68
2020-09-05,31.89
2020-09-06,34.09
2020-09-07,45.49
2020-09-08,40.3
2020-09-09,42.17
2020-09-10,48.76
2020-09-11,45.23
2020-09-12,33.84
2020-09-13,29.03
2020-09-14,51.14
2020-09-15,60.14
2020-09-16,53.32
2020-09-17,52.61
2020-09-18,46.24
2020-09-19,37.14
2020-09-20,35.94
2020-09-21,58.54
2020-09-22,58.81
2020-09-23,49.24
2020-09-24,42.89
2020-09-25,42.74
2020-09-26,32.68
2020-09-27,30.1
2020-09-28,51.38
2020-09-29,54.81
2020-09-30,50.57
2020-10-01,46.29
2020-10-02,34.31
2020-10-03,23.22
2020-10-04,13.16
2020-10-05,36.05
2020-10-06,37.67
2020-10-07,38.05
2020-10-08,34.15
2020-10-09,43.66
2020-10-10,32.7
2020-10-11,31.4
2020-10-12,51.66
2020-10-13,46.49
2020-10-14,39.96
2020-10-15,45.83
2020-10-16,48.18
2020-10-17,38.58
2020-10-18,28.41
2020-10-19,43.76
2020-10-20,38.45
2020-10-21,35.84
2020-10-22,33.79
2020-10-23,43.39
2020-10-24,26.64
2020-10-25,24.39
2020-10-26,40.7
2020-10-27,36.22
2020-10-28,32.19
2020-10-29,38.72
2020-10-30,34.3
2020-10-31,28.84
2020-11-01,16.1
2020-11-02,29.24
2020-11-03,35.62
2020-11-04,39.94
2020-11-05,39.72
2020-11-06,40.31
2020-11-07,34.07
2020-11-08,33.38
2020-11-09,45.19
2020-11-10,47.57
2020-11-11,44.49
2020-11-12,39.12
2020-11-13,41.63
2020-11-14,34.19
2020-11-15,24.14
2020-11-16,44.25
2020-11-17,39.22
2020-11-18,44.92
2020-11-19,43.31
2020-11-20,46.89
2020-11-21,39.4
2020-11-22,36.3
2020-11-23,48.96
2020-11-24,49.57
2020-11-25,47.18
2020-11-26,55.36
2020-11-27,62.71
2020-11-28,44.35
2020-11-29,46.52
2020-11-30,56.66
2020-12-01,60.88
2020-12-02,70.39
2020-12-03,75.59
2020-12-04,63.07
2020-12-05,48.08
2020-12-06,42.67
2020-12-07,54.68
2020-12-08,67.43
2020-12-09,80.57
2020-12-10,74.81
2020-12-11,55.14
2020-12-12,45.23
2020-12-13,42.62
2020-12-14,49.69
2020-12-15,58.41
2020-12-16,64.28
2020-12-17,61.92
2020-12-18,62.43
2020-12-19,42.86
2020-12-20,42.72
2020-12-21,58.3
2020-12-22,48.35
2020-12-23,43.25
2020-12-24,29.41
2020-12-25,32.75
2020-12-26,26.81
2020-12-27,23.14
2020-12-28,37.85
2020-12-29,43.38
2020-12-30,43.94
2020-12-31,45.58
2021-01-01,40.79
2021-01-02,51.0
2021-01-03,40.24
2021-01-04,49.83
2021-01-05,53.11
2021-01-06,52.62
2021-01-07,68.71
2021-01-08,74.6
2021-01-09,58.87
2021-01-10,48.45
2021-01-11,51.74
2021-01-12,55.16
2021-01-13,56.23
2021-01-14,72.24
2021-01-15,78.92
2021-01-16,54.23
2021-01-17,53.01
2021-01-18,66.95
2021-01-19,65.61
2021-01-20,58.41
2021-01-21,55.4
2021-01-22,53.15
2021-01-23,52.3
2021-01-24,47.6
2021-01-25,63.75
2021-01-26,59.59
2021-01-27,59.57
2021-01-28,55.23
2021-01-29,51.74
2021-01-30,46.25
2021-01-31,45.57
2021-02-01,57.58
2021-02-02,55.5
2021-02-03,47.16
2021-02-04,49.4
2021-02-05,52.25
2021-02-06,41.0
2021-02-07,24.2
2021-02-08,49.92
2021-02-09,64.72
2021-02-10,67.54
2021-02-11,77.4
2021-02-12,63.3
2021-02-13,53.37
2021-02-14,44.4
2021-02-15,53.24
2021-02-16,61.56
2021-02-17,56.71
2021-02-18,52.22
2021-02-19,52.28
2021-02-20,37.66
2021-02-21,34.18
2021-02-22,50.66
2021-02-23,48.37
2021-02-24,44.67
2021-02-25,47.35
2021-02-26,47.74
2021-02-27,44.46
2021-02-28,40.12
2021-03-01,52.53
2021-03-02,53.23
2021-03-03,51.85
2021-03-04,51.63
2021-03-05,53.44
2021-03-06,45.21
2021-03-07,43.01
2021-03-08,61.36
2021-03-09,62.13
2021-03-10,53.96
2021-03-11,52.3
2021-03-12,50.13
2021-03-13,45.23
2021-03-14,42.74
2021-03-15,49.78
2021-03-16,57.2
2021-03-17,59.26
2021-03-18,63.42
2021-03-19,60.68
2021-03-20,50.89
2021-03-21,43.09
2021-03-22,59.8
2021-03-23,61.27
2021-03-24,61.01
2021-03-25,62.43
2021-03-26,59.0
2021-03-27,46.74
2021-03-28,42.39
2021-03-29,54.58
2021-03-30,55.61
2021-03-31,59.9
2021-04-01,57.28
2021-04-02,44.21
2021-04-03,47.34
2021-04-04,33.8
2021-04-05,-4.29
2021-04-06,52.72
2021-04-07,59.67
2021-04-08,64.49
2021-04-09,62.56
2021-04-10,56.98
2021-04-11,47.45
2021-04-12,67.14
2021-04-13,70.29
2021-04-14,75.36
2021-04-15,75.39
2021-04-16,71.5
2021-04-17,61.85
2021-04-18,64.07
2021-04-19,79.93
2021-04-20,80.21
2021-04-21,70.77
2021-04-22,69.01
2021-04-23,65.29
2021-04-24,59.43
2021-04-25,43.48
2021-04-26,64.51
2021-04-27,66.98
2021-04-28,65.13
2021-04-29,66.42
2021-04-30,69.32
2021-05-01,58.38
2021-05-02,44.18
2021-05-03,57.5
2021-05-04,48.11
2021-05-05,57.29
2021-05-06,66.59
2021-05-07,67.9
2021-05-08,50.22
2021-05-09,15.56
2021-05-10,60.94
2021-05-11,71.94
2021-05-12,69.13
2021-05-13,59.73
2021-05-14,70.58
2021-05-15,63.18
2021-05-16,46.46
2021-05-17,73.26
2021-05-18,74.96
2021-05-19,77.33
2021-05-20,71.37
2021-05-21,53.5
2021-05-22,52.03
2021-05-23,22.76
2021-05-24,53.69
2021-05-25,67.32
2021-05-26,67.05
2021-05-27,72.86
2021-05-28,75.82
2021-05-29,56.84
2021-05-30,42.7
2021-05-31,68.67
2021-06-01,67.42
2021-06-02,65.21
2021-06-03,60.76
2021-06-04,71.54
2021-06-05,61.85
2021-06-06,57.04
2021-06-07,79.94
2021-06-08,78.41
2021-06-09,77.67
2021-06-10,77.33
2021-06-11,75.21
2021-06-12,48.92
2021-06-13,26.9
2021-06-14,75.17
2021-06-15,81.3
2021-06-16,82.07
2021-06-17,83.53
2021-06-18,82.57
2021-06-19,70.54
2021-06-20,57.86
2021-06-21,78.77
2021-06-22,85.47
2021-06-23,94.47
2021-06-24,96.26
2021-06-25,97.45
2021-06-26,79.17
2021-06-27,66.69
2021-06-28,89.47
2021-06-29,92.99
2021-06-30,92.28
2021-07-01,90.22
2021-07-02,101.64
2021-07-03,85.69
2021-07-04,81.74
2021-07-05,94.1
2021-07-06,87.09
2021-07-07,101.36
2021-07-08,109.58
2021-07-09,91.4
2021-07-10,81.33
2021-07-11,77.45
2021-07-12,94.02
2021-07-13,98.2
2021-07-14,92.02
2021-07-15,89.71
2021-07-16,84.69
2021-07-17,64.76
2021-07-18,54.76
2021-07-19,90.35
2021-07-20,91.98
2021-07-21,92.36
2021-07-22,88.6
2021-07-23,88.9
2021-07-24,73.59
2021-07-25,62.29
2021-07-26,88.58
2021-07-27,87.33
2021-07-28,84.04
2021-07-29,81.3
2021-07-30,71.96
2021-07-31,53.92
2021-08-01,59.18
2021-08-02,81.91
2021-08-03,96.6
2021-08-04,98.04
2021-08-05,92.81
2021-08-06,71.69
2021-08-07,57.09
2021-08-08,28.18
2021-08-09,70.15
2021-08-10,92.12
2021-08-11,101.3
2021-08-12,106.2
2021-08-13,95.42
2021-08-14,70.07
2021-08-15,65.37
2021-08-16,83.04
2021-08-17,70.9
2021-08-18,79.26
2021-08-19,93.75
2021-08-20,102.87
2021-08-21,90.05
2021-08-22,77.7
2021-08-23,94.19
2021-08-24,96.32
2021-08-25,85.72
2021-08-26,94.82
2021-08-27,96.07
2021-08-28,85.54
2021-08-29,81.01
2021-08-30,107.69
2021-08-31,109.74
2021-09-01,111.06
2021-09-02,116.21
2021-09-03,109.77
2021-09-04,105.09
2021-09-05,95.88
2021-09-06,127.01
2021-09-07,128.04
2021-09-08,124.27
2021-09-09,130.98
2021-09-10,139.81
2021-09-11,126.18
2021-09-12,105.77
2021-09-13,142.26
2021-09-14,144.27
2021-09-15,167.89
2021-09-16,158.73
2021-09-17,157.41
2021-09-18,128.03
2021-09-19,95.61
2021-09-20,153.21
2021-09-21,147.61
2021-09-22,145.39
2021-09-23,117.61
2021-09-24,112.4
2021-09-25,130.38
2021-09-26,124.68
2021-09-27,141.54
2021-09-28,156.18
2021-09-29,130.44
2021-09-30,117.61
2021-10-01,112.13
2021-10-02,95.65
2021-10-03,48.46
2021-10-04,161.82
2021-10-05,156.48
2021-10-06,195.05
2021-10-07,267.9
2021-10-08,199.52
2021-10-09,138.24
2021-10-10,143.84
2021-10-11,163.74
2021-10-12,174.31
2021-10-13,185.99
2021-10-14,169.8
2021-10-15,130.4
2021-10-16,154.84
2021-10-17,142.9
2021-10-18,189.2
2021-10-19,150.04
2021-10-20,82.22
2021-10-21,77.02
2021-10-22,80.1
2021-10-23,143.61
2021-10-24,96.04
2021-10-25,171.25
2021-10-26,172.21
2021-10-27,147.36
2021-10-28,147.17
2021-10-29,111.65
2021-10-30,82.89
2021-10-31,67.54
2021-11-01,113.8
2021-11-02,204.18
2021-11-03,193.92
2021-11-04,169.38
2021-11-05,157.18
2021-11-06,74.12
2021-11-07,44.0
2021-11-08,181.48
2021-11-09,159.42
2021-11-10,178.41
2021-11-11,190.41
2021-11-12,164.03
2021-11-13,157.08
2021-11-14,166.19
2021-11-15,228.65
2021-11-16,232.06
2021-11-17,173.41
2021-11-18,139.18
2021-11-19,134.78
2021-11-20,132.69
2021-11-21,150.55
2021-11-22,238.44
2021-11-23,241.38
2021-11-24,274.3
2021-11-25,248.04
2021-11-26,203.33
2021-11-27,205.56
2021-11-28,199.56
2021-11-29,264.23
2021-11-30,189.43
2021-12-01,202.24
2021-12-02,204.08
2021-12-03,192.37
2021-12-04,194.7
2021-12-05,161.31
2021-12-06,263.75
2021-12-07,230.6
2021-12-08,220.72
2021-12-09,278.23
2021-12-10,240.74
2021-12-11,230.6
2021-12-12,184.69
2021-12-13,264.73
2021-12-14,301.78
2021-12-15,297.74
2021-12-16,346.31
2021-12-17,335.48
2021-12-18,230.07
2021-12-19,115.99
2021-12-20,321.44
2021-12-21,422.85
2021-12-22,408.83
2021-12-23,286.99
2021-12-24,185.31
2021-12-25,180.72
2021-12-26,160.41
2021-12-27,148.89
2021-12-28,120.66
2021-12-29,153.98
2021-12-30,116.66
2021-12-31,83.36
2022-01-01,82.87
2022-01-02,55.2
2022-01-03,92.69
2022-01-04,153.98
2022-01-05,121.84
2022-01-06,195.31
2022-01-07,170.01
2022-01-08,168.0
2022-01-09,151.67
2022-01-10,261.99
2022-01-11,253.84
2022-01-12,230.78
2022-01-13,177.94
2022-01-14,180.78
2022-01-15,214.36
2022-01-16,127.68
2022-01-17,177.9
2022-01-18,235.04
2022-01-19,188.96
2022-01-20,160.79
2022-01-21,160.24
2022-01-22,177.76
2022-01-23,194.18
2022-01-24,247.3
2022-01-25,296.84
2022-01-26,237.56
2022-01-27,188.82
2022-01-28,196.23
2022-01-29,137.88
2022-01-30,130.72
2022-01-31,202.25
2022-02-01,203.55
2022-02-02,192.84
2022-02-03,192.89
2022-02-04,182.63
2022-02-05,117.15
2022-02-06,97.66
2022-02-07,182.24
2022-02-08,155.87
2022-02-09,183.91
2022-02-10,191.97
2022-02-11,188.16
2022-02-12,141.46
2022-02-13,98.2
2022-02-14,173.36
2022-02-15,180.02
2022-02-16,152.46
2022-02-17,116.31
2022-02-18,119.32
2022-02-19,100.87
2022-02-20,92.74
2022-02-21,108.23
2022-02-22,127.27
2022-02-23,137.35
2022-02-24,127.32
2022-02-25,142.67
2022-02-26,227.33
2022-02-27,181.65
2022-02-28,225.33
2022-03-01,247.29
2022-03-02,282.06
2022-03-03,339.03
2022-03-04,367.42
2022-03-05,345.52
2022-03-06,340.25
2022-03-07,419.97
2022-03-08,486.37
2022-03-09,443.54
2022-03-10,286.42
2022-03-11,184.48
2022-03-12,154.51
2022-03-13,136.86
2022-03-14,283.23
2022-03-15,300.72
2022-03-16,250.95
2022-03-17,239.02
2022-03-18,228.64
2022-03-19,138.67
2022-03-20,79.86
2022-03-21,210.29
2022-03-22,235.94
2022-03-23,236.43
2022-03-24,240.06
2022-03-25,243.27
2022-03-26,189.51
2022-03-27,198.61
2022-03-28,222.9
2022-03-29,251.93
2022-03-30,268.65
2022-03-31,202.04
2022-04-01,166.19
2022-04-02,167.76
2022-04-03,147.38
2022-04-04,176.27
2022-04-05,196.39
2022-04-06,141.41
2022-04-07,94.21
2022-04-08,132.66
2022-04-09,73.35
2022-04-10,90.62
2022-04-11,224.21
2022-04-12,183.14
2022-04-13,227.21
2022-04-14,226.6
2022-04-15,191.35
2022-04-16,146.49
2022-04-17,99.85
2022-04-18,129.44
2022-04-19,221.03
2022-04-20,207.07
2022-04-21,201.79
2022-04-22,198.53
2022-04-23,119.47
2022-04-24,121.5
2022-04-25,225.5
2022-04-26,239.52
2022-04-27,222.73
2022-04-28,229.85
2022-04-29,227.39
2022-04-30,201.77
2022-05-01,194.77
2022-05-02,217.37
2022-05-03,219.89
2022-05-04,233.03
2022-05-05,235.21
2022-05-06,225.68
2022-05-07,199.73
2022-05-08,172.1
2022-05-09,217.38
2022-05-10,195.46
2022-05-11,182.97
2022-05-12,180.17
2022-05-13,191.15
2022-05-14,166.16
2022-05-15,146.44
2022-05-16,216.79
2022-05-17,225.92
2022-05-18,206.45
2022-05-19,211.86
2022-05-20,203.08
2022-05-21,116.4
2022-05-22,164.97
2022-05-23,182.81
2022-05-24,178.27
2022-05-25,185.73
2022-05-26,109.54
2022-05-27,173.98
2022-05-28,108.57
2022-05-29,160.3
2022-05-30,225.38
2022-05-31,212.05
2022-06-01,215.55
2022-06-02,193.09
2022-06-03,186.24
2022-06-04,171.72
2022-06-05,140.01
2022-06-06,166.61
2022-06-07,205.38
2022-06-08,197.22
2022-06-09,194.38
2022-06-10,187.73
2022-06-11,136.74
2022-06-12,113.51
2022-06-13,173.51
2022-06-14,199.72
2022-06-15,215.58
2022-06-16,211.09
2022-06-17,250.23
2022-06-18,186.77
2022-06-19,156.92
2022-06-20,276.0
2022-06-21,287.6
2022-06-22,325.36
2022-06-23,294.16
2022-06-24,274.35
2022-06-25,249.52
2022-06-26,218.42
2022-06-27,322.1
2022-06-28,341.59
2022-06-29,322.23
2022-06-30,335.61
2022-07-01,327.36
2022-07-02,225.63
2022-07-03,208.39
2022-07-04,311.78
2022-07-05,326.61
2022-07-06,289.04
2022-07-07,211.78
2022-07-08,278.84
2022-07-09,91.89
2022-07-10,115.0
2022-07-11,376.54
2022-07-12,377.8
2022-07-13,340.73
2022-07-14,377.81
2022-07-15,341.06
2022-07-16,149.27
2022-07-17,211.5
2022-07-18,392.26
2022-07-19,378.12
2022-07-20,323.38
2022-07-21,408.71
2022-07-22,399.35
2022-07-23,344.62
2022-07-24,279.45
2022-07-25,363.25
2022-07-26,387.78
2022-07-27,427.4
2022-07-28,482.11
2022-07-29,454.74
2022-07-30,389.58
2022-07-31,317.09
2022-08-01,431.58
2022-08-02,413.09
2022-08-03,406.37
2022-08-04,409.52
2022-08-05,381.25
2022-08-06,293.45
2022-08-07,218.74
2022-08-08,372.24
2022-08-09,350.97
2022-08-10,340.89
2022-08-11,388.48
2022-08-12,450.92
2022-08-13,393.82
2022-08-14,346.41
2022-08-15,424.43
2022-08-16,467.12
2022-08-17,552.87
2022-08-18,563.13
2022-08-19,518.32
2022-08-20,456.74
2022-08-21,394.42
2022-08-22,566.75
2022-08-23,615.77
2022-08-24,627.6
2022-08-25,620.86
2022-08-26,709.18
2022-08-27,613.64
2022-08-28,465.71
2022-08-29,672.02
2022-08-30,681.68
2022-08-31,630.58
2022-09-01,592.51
2022-09-02,433.92
2022-09-03,298.22
2022-09-04,271.16
2022-09-05,401.54
2022-09-06,476.48
2022-09-07,475.89
2022-09-08,445.99
2022-09-09,372.08
2022-09-10,406.26
2022-09-11,386.8
2022-09-12,422.87
2022-09-13,429.18
2022-09-14,458.31
2022-09-15,366.8
2022-09-16,256.75
2022-09-17,151.19
2022-09-18,100.31
2022-09-19,282.23
2022-09-20,369.09
2022-09-21,385.84
2022-09-22,393.04
2022-09-23,371.99
2022-09-24,339.76
2022-09-25,274.1
2022-09-26,297.06
2022-09-27,326.47
2022-09-28,391.48
2022-09-29,420.18
2022-09-30,336.01
2022-10-01,135.01
2022-10-02,127.99
2022-10-03,235.43
2022-10-04,239.86
2022-10-05,175.47
2022-10-06,172.62
2022-10-07,172.06
2022-10-08,168.35
2022-10-09,141.5
2022-10-10,186.71
2022-10-11,264.6
2022-10-12,282.53
2022-10-13,256.0
2022-10-14,253.64
2022-10-15,153.34
2022-10-16,103.93
2022-10-17,168.52
2022-10-18,190.91
2022-10-19,169.81
2022-10-20,165.61
2022-10-21,178.14
2022-10-22,143.11
2022-10-23,99.57
2022-10-24,134.32
2022-10-25,131.01
2022-10-26,136.5
2022-10-27,140.12
2022-10-28,117.74
2022-10-29,102.5
2022-10-30,118.28
2022-10-31,144.11
2022-11-01,115.67
2022-11-02,121.87
2022-11-03,132.67
2022-11-04,181.81
2022-11-05,130.76
2022-11-06,83.57
2022-11-07,117.34
2022-11-08,148.37
2022-11-09,182.97
2022-11-10,217.11
2022-11-11,175.48
2022-11-12,174.15
2022-11-13,156.08
2022-11-14,181.1
2022-11-15,206.64
2022-11-16,174.94
2022-11-17,141.16
2022-11-18,199.85
2022-11-19,206.14
2022-11-20,206.56
2022-11-21,251.87
2022-11-22,212.37
2022-11-23,206.52
2022-11-24,248.48
2022-11-25,266.93
2022-11-26,236.52
2022-11-27,166.37
2022-11-28,302.5
2022-11-29,372.46
2022-11-30,394.03
2022-12-01,395.06
2022-12-02,353.73
2022-12-03,290.39
2022-12-04,267.22
2022-12-05,333.49
2022-12-06,367.59
2022-12-07,336.86
2022-12-08,388.28
2022-12-09,399.75
2022-12-10,343.95
2022-12-11,296.86
2022-12-12,380.74
2022-12-13,440.77
2022-12-14,444.66
2022-12-15,397.7
2022-12-16,410.09
2022-12-17,259.96
2022-12-18,184.67
2022-12-19,203.57
2022-12-20,206.04
2022-12-21,216.37
2022-12-22,197.69
2022-12-23,182.56
2022-12-24,113.91
2022-12-25,98.5
2022-12-26,40.99
2022-12-27,92.74
2022-12-28,62.25
2022-12-29,33.84
2022-12-30,24.73
2022-12-31,-1.86
2023-01-01,18.8
2023-01-02,127.16
2023-01-03,144.98
2023-01-04,119.6
2023-01-05,140.19
2023-01-06,121.17
2023-01-07,104.77
2023-01-08,89.73
2023-01-09,136.09
2023-01-10,131.53
2023-01-11,117.29
2023-01-12,119.37
2023-01-13,122.25
2023-01-14,96.76
2023-01-15,94.09
2023-01-16,131.73
2023-01-17,136.47
2023-01-18,141.04
2023-01-19,148.32
2023-01-20,173.8
2023-01-21,135.61
2023-01-22,147.15
2023-01-23,203.63
2023-01-24,202.55
2023-01-25,182.23
2023-01-26,167.96
2023-01-27,168.95
2023-01-28,146.49
2023-01-29,127.42
2023-01-30,137.64
2023-01-31,144.25
2023-02-01,147.48
2023-02-02,144.3
2023-02-03,128.04
2023-02-04,144.64
2023-02-05,130.11
2023-02-06,172.78
2023-02-07,175.63
2023-02-08,156.5
2023-02-09,138.67
2023-02-10,141.5
2023-02-11,140.22
2023-02-12,139.59
2023-02-13,163.29
2023-02-14,156.39
2023-02-15,152.77
2023-02-16,148.48
2023-02-17,140.45
2023-02-18,111.64
2023-02-19,112.62
2023-02-20,105.05
2023-02-21,123.36
2023-02-22,149.22
2023-02-23,147.52
2023-02-24,132.29
2023-02-25,86.6
2023-02-26,109.53
2023-02-27,152.06
2023-02-28,148.29
2023-03-01,147.83
2023-03-02,151.18
2023-03-03,139.27
2023-03-04,112.06
2023-03-05,123.67
2023-03-06,149.98
2023-03-07,118.5
2023-03-08,138.97
2023-03-09,128.44
2023-03-10,114.5
2023-03-11,99.14
2023-03-12,95.71
2023-03-13,97.51
2023-03-14,92.07
2023-03-15,127.7
2023-03-16,106.75
2023-03-17,95.41
2023-03-18,109.45
2023-03-19,112.45
2023-03-20,125.42
2023-03-21,117.5
2023-03-22,104.63
2023-03-23,112.11
2023-03-24,87.33
2023-03-25,30.96
2023-03-26,70.76
2023-03-27,94.35
2023-03-28,108.44
2023-03-29,116.34
2023-03-30,103.44
2023-03-31,99.83
2023-04-01,54.96
2023-04-02,70.14
2023-04-03,111.88
2023-04-04,130.55
2023-04-05,141.18
2023-04-06,121.82
2023-04-07,116.02
2023-04-08,117.85
2023-04-09,102.31
2023-04-10,77.11
2023-04-11,103.65
2023-04-12,110.85
2023-04-13,126.27
2023-04-14,127.65
2023-04-15,105.82
2023-04-16,110.51
2023-04-17,118.34
2023-04-18,116.23
2023-04-19,112.34
2023-04-20,110.7
2023-04-21,106.99
2023-04-22,85.85
2023-04-23,84.3
2023-04-24,106.27
2023-04-25,103.28
2023-04-26,112.02
2023-04-27,111.36
2023-04-28,107.71
2023-04-29,99.25
2023-04-30,69.69
2023-05-01,81.94
2023-05-02,107.51
2023-05-03,105.43
2023-05-04,101.27
2023-05-05,97.74
2023-05-06,88.61
2023-05-07,69.21
2023-05-08,97.64
2023-05-09,97.08
2023-05-10,108.8
2023-05-11,114.67
2023-05-12,105.93
2023-05-13,78.63
2023-05-14,72.35
2023-05-15,112.22
2023-05-16,94.53
2023-05-17,93.8
2023-05-18,87.37
2023-05-19,86.93
2023-05-20,44.4
2023-05-21,32.67
2023-05-22,97.49
2023-05-23,91.04
2023-05-24,103.27
2023-05-25,87.7
2023-05-26,73.03
2023-05-27,61.9
2023-05-28,32.47
2023-05-29,42.64
2023-05-30,88.91
2023-05-31,84.91
2023-06-01,74.83
2023-06-02,80.37
2023-06-03,56.09
2023-06-04,50.31
2023-06-05,90.56
2023-06-06,96.78
2023-06-07,99.86
2023-06-08,84.36
2023-06-09,86.13
2023-06-10,54.97
2023-06-11,44.8
2023-06-12,96.69
2023-06-13,93.75
2023-06-14,106.46
2023-06-15,120.75
2023-06-16,127.71
2023-06-17,104.26
2023-06-18,90.66
2023-06-19,118.88
2023-06-20,121.32
2023-06-21,124.86
2023-06-22,123.89
2023-06-23,112.41
2023-06-24,81.7
2023-06-25,74.69
2023-06-26,107.49
2023-06-27,102.94
2023-06-28,114.03
2023-06-29,117.76
2023-06-30,112.46
2023-07-01,62.18
2023-07-02,37.95
2023-07-03,99.16
2023-07-04,108.26
2023-07-05,93.92
2023-07-06,109.14
2023-07-07,101.3
2023-07-08,83.2
2023-07-09,89.47
2023-07-10,118.5
2023-07-11,110.26
2023-07-12,126.28
2023-07-13,108.58
2023-07-14,94.36
2023-07-15,29.85
2023-07-16,30.69
2023-07-17,102.84
2023-07-18,108.33
2023-07-19,103.16
2023-07-20,97.5
2023-07-21,105.84
2023-07-22,71.23
2023-07-23,27.57
2023-07-24,96.58
2023-07-25,104.62
2023-07-26,97.96
2023-07-27,94.8
2023-07-28,96.89
2023-07-29,75.97
2023-07-30,34.37
2023-07-31,73.94
2023-08-01,85.24
2023-08-02,62.16
2023-08-03,52.14
2023-08-04,98.59
2023-08-05,88.67
2023-08-06,48.72
2023-08-07,22.84
2023-08-08,23.58
2023-08-09,90.62
2023-08-10,93.67
2023-08-11,87.95
2023-08-12,64.74
2023-08-13,59.69
2023-08-14,95.36
2023-08-15,84.86
2023-08-16,110.39
2023-08-17,110.62
2023-08-18,108.08
2023-08-19,85.68
2023-08-20,89.75
2023-08-21,121.32
2023-08-22,125.38
2023-08-23,150.94
2023-08-24,143.84
2023-08-25,111.31
2023-08-26,94.88
2023-08-27,97.89
2023-08-28,115.5
2023-08-29,121.84
2023-08-30,115.98
2023-08-31,105.71
2023-09-01,106.6
2023-09-02,94.55
2023-09-03,81.52
2023-09-04,106.86
2023-09-05,102.72
2023-09-06,105.92
2023-09-07,99.23
2023-09-08,109.21
2023-09-09,91.06
2023-09-10,84.29
2023-09-11,146.91
2023-09-12,128.95
2023-09-13,111.29
2023-09-14,120.21
2023-09-15,108.39
2023-09-16,94.93
2023-09-17,85.29
2023-09-18,87.9
2023-09-19,66.12
2023-09-20,84.1
2023-09-21,104.58
2023-09-22,105.78
2023-09-23,99.61
2023-09-24,62.82
2023-09-25,111.7
2023-09-26,125.27
2023-09-27,120.26
2023-09-28,112.73
2023-09-29,104.63
2023-09-30,92.03
2023-10-01,73.56
2023-10-02,118.36
2023-10-03,60.83
2023-10-04,80.27
2023-10-05,104.19
2023-10-06,81.72
2023-10-07,55.23
2023-10-08,90.38
2023-10-09,120.18
2023-10-10,116.99
2023-10-11,84.61
2023-10-12,126.13
2023-10-13,86.49
2023-10-14,47.62
2023-10-15,56.68
2023-10-16,134.86
2023-10-17,132.3
2023-10-18,103.05
2023-10-19,104.0
2023-10-20,91.61
2023-10-21,55.84
2023-10-22,71.37
2023-10-23,127.47
2023-10-24,120.66
2023-10-25,123.64
2023-10-26,123.2
2023-10-27,117.83
2023-10-28,81.39
2023-10-29,28.87
2023-10-30,98.11
2023-10-31,106.12
2023-11-01,59.69
2023-11-02,63.37
2023-11-03,61.45
2023-11-04,25.03
2023-11-05,30.68
2023-11-06,75.33
2023-11-07,100.77
2023-11-08,89.75
2023-11-09,96.87
2023-11-10,97.15
2023-11-11,96.77
2023-11-12,97.2
2023-11-13,96.63
2023-11-14,76.26
2023-11-15,102.06
2023-11-16,118.01
2023-11-17,121.09
2023-11-18,90.09
2023-11-19,42.47
2023-11-20,108.52
2023-11-21,123.06
2023-11-22,109.34
2023-11-23,81.31
2023-11-24,78.77
2023-11-25,93.33
2023-11-26,102.0
2023-11-27,115.87
2023-11-28,123.24
2023-11-29,141.03
2023-11-30,168.28
2023-12-01,156.63
2023-12-02,110.17
2023-12-03,99.34
2023-12-04,117.43
2023-12-05,121.69
2023-12-06,129.72
2023-12-07,117.72
2023-12-08,105.88
2023-12-09,87.16
2023-12-10,65.42
2023-12-11,93.93
2023-12-12,108.6
2023-12-13,97.65
2023-12-14,107.19
2023-12-15,93.65
2023-12-16,70.0
2023-12-17,58.16
2023-12-18,81.26
2023-12-19,78.99
2023-12-20,73.04
2023-12-21,68.85
2023-12-22,26.59
2023-12-23,30.29
2023-12-24,0.49
2023-12-25,1.82
2023-12-26,18.18
2023-12-27,58.28
2023-12-28,26.75
2023-12-29,11.55
2023-12-30,35.72
2023-12-31,11.96
2024-01-01,19.09
2024-01-02,55.24
2024-01-03,53.0
2024-01-04,84.44
2024-01-05,93.91
2024-01-06,88.76
2024-01-07,86.27
2024-01-08,102.08
2024-01-09,109.07
2024-01-10,112.15
2024-01-11,109.3
2024-01-12,106.69
2024-01-13,83.32
2024-01-14,77.01
2024-01-15,88.88
2024-01-16,105.57
2024-01-17,100.49
2024-01-18,95.24
2024-01-19,80.69
2024-01-20,74.47
2024-01-21,70.8
2024-01-22,85.7
2024-01-23,80.17
2024-01-24,75.57
2024-01-25,78.63
2024-01-26,76.66
2024-01-27,68.7
2024-01-28,63.72
2024-01-29,82.16
2024-01-30,78.85
2024-01-31,86.48
2024-02-01,87.11
2024-02-02,84.37
2024-02-03,70.39
2024-02-04,59.46
2024-02-05,67.86
2024-02-06,66.51
2024-02-07,80.23
2024-02-08,89.8
2024-02-09,75.34
2024-02-10,71.75
2024-02-11,62.29
2024-02-12,75.73
2024-02-13,73.68
2024-02-14,70.44
2024-02-15,72.12
2024-02-16,62.4
2024-02-17,66.7
2024-02-18,52.31
2024-02-19,67.6
2024-02-20,65.9
2024-02-21,60.9
2024-02-22,56.26
2024-02-23,65.68
2024-02-24,56.79
2024-02-25,61.02
2024-02-26,66.63
2024-02-27,74.29
2024-02-28,73.84
2024-02-29,66.48
2024-03-01,70.62
2024-03-02,64.27
2024-03-03,61.51
2024-03-04,74.5
2024-03-05,75.86
2024-03-06,82.55
2024-03-07,77.59
2024-03-08,74.11
2024-03-09,48.08
2024-03-10,36.86
2024-03-11,72.56
2024-03-12,85.48
2024-03-13,75.04
2024-03-14,69.51
2024-03-15,59.38
2024-03-16,56.49
2024-03-17,60.53
2024-03-18,82.78
2024-03-19,82.36
2024-03-20,87.3
2024-03-21,79.65
2024-03-22,69.25
2024-03-23,39.14
2024-03-24,30.77
2024-03-25,85.55
2024-03-26,65.35
2024-03-27,72.34
2024-03-28,51.06
2024-03-29,39.54
2024-03-30,50.8
2024-03-31,40.55
2024-04-01,28.94
2024-04-02,38.96
2024-04-03,82.84
2024-04-04,65.86
2024-04-05,51.93
2024-04-06,34.17
2024-04-07,26.04
2024-04-08,73.88
2024-04-09,54.61
2024-04-10,73.03
2024-04-11,58.84
2024-04-12,58.45
2024-04-13,13.38
2024-04-14,22.43
2024-04-15,76.82
2024-04-16,70.13
2024-04-17,94.13
2024-04-18,93.66
2024-04-19,68.79
2024-04-20,60.62
2024-04-21,54.86
2024-04-22,99.21
2024-04-23,99.79
2024-04-24,97.56
2024-04-25,90.86
2024-04-26,87.46
2024-04-27,58.53
2024-04-28,14.05
2024-04-29,79.4
2024-04-30,65.97
2024-05-01,2.07
2024-05-02,42.46
2024-05-03,81.74
2024-05-04,72.89
2024-05-05,52.9
2024-05-06,88.76
2024-05-07,92.8
2024-05-08,90.77
2024-05-09,61.73
2024-05-10,75.8
2024-05-11,51.3
2024-05-12,2.83
2024-05-13,51.5
2024-05-14,40.47
2024-05-15,52.79
2024-05-16,60.1
2024-05-17,83.44
2024-05-18,58.63
2024-05-19,51.29
2024-05-20,70.15
2024-05-21,82.73
2024-05-22,87.82
2024-05-23,94.85
2024-05-24,99.14
2024-05-25,72.56
2024-05-26,56.05
2024-05-27,103.34
2024-05-28,88.51
2024-05-29,84.87
2024-05-30,95.23
2024-05-31,90.39
2024-06-01,57.64
2024-06-02,30.46
2024-06-03,117.98
2024-06-04,104.76
2024-06-05,91.8
2024-06-06,87.74
2024-06-07,82.86
2024-06-08,45.55
2024-06-09,28.91
2024-06-10,95.2
2024-06-11,75.92
2024-06-12,93.4
2024-06-13,95.17
2024-06-14,74.34
2024-06-15,6.41
2024-06-16,27.72
2024-06-17,98.68
2024-06-18,97.72
2024-06-19,90.32
2024-06-20,99.15
2024-06-21,89.32
2024-06-22,52.49
2024-06-23,49.04
2024-06-24,98.48
2024-06-25,96.56
2024-06-26,107.69
2024-06-27,100.72
2024-06-28,80.47
2024-06-29,64.43
2024-06-30,44.93
2024-07-01,103.68
2024-07-02,84.16
2024-07-03,94.22
2024-07-04,50.77
2024-07-05,40.62
2024-07-06,-2.76
2024-07-07,29.55
2024-07-08,95.21
2024-07-09,81.2
2024-07-10,90.24
2024-07-11,100.23
2024-07-12,76.79
2024-07-13,15.51
2024-07-14,13.67
2024-07-15,83.39
2024-07-16,64.07
2024-07-17,74.57
2024-07-18,81.48
2024-07-19,74.9
2024-07-20,55.59
2024-07-21,52.79
2024-07-22,95.9
2024-07-23,87.45
2024-07-24,72.68
2024-07-25,93.97
2024-07-26,95.84
2024-07-27,81.23
2024-07-28,45.25
2024-07-29,72.76
2024-07-30,80.63
2024-07-31,81.63
2024-08-01,97.11
2024-08-02,95.78
2024-08-03,74.59
2024-08-04,59.84
2024-08-05,110.07
2024-08-06,88.82
2024-08-07,100.75
2024-08-08,100.7
2024-08-09,68.36
2024-08-10,54.75
2024-08-11,54.64
2024-08-12,93.87
2024-08-13,101.85
2024-08-14,110.88
2024-08-15,87.45
2024-08-16,112.93
2024-08-17,95.16
2024-08-18,81.22
2024-08-19,107.48
2024-08-20,98.64
2024-08-21,76.77
2024-08-22,78.42
2024-08-23,70.75
2024-08-24,58.38
2024-08-25,33.14
2024-08-26,98.68
2024-08-27,91.22
2024-08-28,114.96
2024-08-29,128.07
2024-08-30,121.82
2024-08-31,85.47
2024-09-01,70.54
2024-09-02,128.68
2024-09-03,147.09
2024-09-04,121.74
2024-09-05,79.47
2024-09-06,93.07
2024-09-07,78.89
2024-09-08,70.36
2024-09-09,99.13
2024-09-10,77.67
2024-09-11,82.3
2024-09-12,113.12
2024-09-13,90.3
2024-09-14,58.26
2024-09-15,62.2
2024-09-16,101.12
2024-09-17,92.79
2024-09-18,79.68
2024-09-19,80.32
2024-09-20,79.89
2024-09-21,72.53
2024-09-22,73.52
2024-09-23,116.78
2024-09-24,88.14
2024-09-25,76.34
2024-09-26,49.8
2024-09-27,31.11
2024-09-28,34.42
2024-09-29,52.06
2024-09-30,47.27
2024-10-01,81.01
2024-10-02,105.39
2024-10-03,91.56
2024-10-04,100.1
2024-10-05,84.85
2024-10-06,58.01
2024-10-07,92.88
2024-10-08,82.69
2024-10-09,81.63
2024-10-10,61.49
2024-10-11,95.7
2024-10-12,53.2
2024-10-13,15.34
2024-10-14,107.72
2024-10-15,101.78
2024-10-16,47.0
2024-10-17,75.81
2024-10-18,93.19
2024-10-19,77.47
2024-10-20,30.44
2024-10-21,95.1
2024-10-22,106.33
2024-10-23,116.06
2024-10-24,110.1
2024-10-25,116.58
2024-10-26,103.24
2024-10-27,90.06
2024-10-28,117.7
2024-10-29,141.57
2024-10-30,125.0
2024-10-31,104.99
2024-11-01,94.38
2024-11-02,106.33
2024-11-03,93.88
2024-11-04,130.46
2024-11-05,162.11
2024-11-06,223.86
2024-11-07,156.01
2024-11-08,114.98
2024-11-09,114.41
2024-11-10,114.33
2024-11-11,113.63
2024-11-12,150.52
2024-11-13,158.78
2024-11-14,117.02
2024-11-15,118.51
2024-11-16,133.88
2024-11-17,155.42
2024-11-18,131.68
2024-11-19,119.64
2024-11-20,124.5
2024-11-21,125.1
2024-11-22,122.54
2024-11-23,124.62
2024-11-24,144.84
2024-11-25,149.13
2024-11-26,146.77
2024-11-27,154.15
2024-11-28,145.42
2024-11-29,133.54
2024-11-30,116.6
2024-12-01,104.24
2024-12-02,139.51
2024-12-03,166.1
2024-12-04,185.61
2024-12-05,145.83
2024-12-06,145.01
2024-12-07,117.71
2024-12-08,112.58
2024-12-09,112.04
2024-12-10,152.28
2024-12-11,263.38
2024-12-12,360.81
2024-12-13,177.98
2024-12-14,121.23
2024-12-15,117.13
2024-12-16,119.52
2024-12-17,114.86
2024-12-18,99.67
2024-12-19,87.51
2024-12-20,90.32
2024-12-21,86.75
2024-12-22,94.29
2024-12-23,95.93
2024-12-24,102.71
2024-12-25,99.16
2024-12-26,113.24
2024-12-27,122.61
2024-12-28,121.8
2024-12-29,107.48
2024-12-30,111.68
2024-12-31,111.57
