date,eua_eur_per_tco2
2015-01-02,8.15
2015-01-05,8.03
2015-01-06,7.88
2015-01-07,7.87
2015-01-08,7.91
2015-01-09,7.8
2015-01-12,7.8
2015-01-13,8.47
2015-01-14,8.33
2015-01-15,8.3
2015-01-16,8.29
2015-01-19,8.39
2015-01-20,8.33
2015-01-21,8.48
2015-01-22,7.89
2015-01-23,7.9
2015-01-26,7.96
2015-01-27,7.94
2015-01-28,8.08
2015-01-29,8.2
2015-01-30,8.23
2015-02-02,8.08
2015-02-03,8.02
2015-02-04,7.84
2015-02-05,7.94
2015-02-06,7.89
2015-02-09,7.85
2015-02-10,8.04
2015-02-11,8.19
2015-02-12,8.4
2015-02-13,8.66
2015-02-16,8.69
2015-02-17,8.49
2015-02-18,8.51
2015-02-19,8.33
2015-02-20,8.3
2015-02-23,8.71
2015-02-24,8.44
2015-02-25,8.39
2015-02-26,8.02
2015-02-27,8.04
2015-03-02,7.53
2015-03-03,7.3
2015-03-04,7.58
2015-03-05,7.32
2015-03-06,7.38
2015-03-09,7.25
2015-03-10,7.37
2015-03-11,7.32
2015-03-12,6.96
2015-03-13,7.03
2015-03-16,7.02
2015-03-17,7.3
2015-03-18,7.3
2015-03-19,7.24
2015-03-20,7.6
2015-03-23,7.63
2015-03-24,7.64
2015-03-25,7.54
2015-03-26,7.53
2015-03-27,7.36
2015-03-30,7.46
2015-03-31,7.49
2015-04-01,7.71
2015-04-02,7.71
2015-04-07,7.65
2015-04-08,7.67
2015-04-09,7.57
2015-04-10,7.52
2015-04-13,7.33
2015-04-14,7.33
2015-04-15,7.39
2015-04-16,7.43
2015-04-17,7.35
2015-04-20,7.67
2015-04-21,7.63
2015-04-22,7.65
2015-04-23,7.83
2015-04-24,7.85
2015-04-27,7.74
2015-04-28,7.92
2015-04-29,8.05
2015-04-30,7.97
2015-05-04,8.48
2015-05-05,8.44
2015-05-06,8.41
2015-05-07,8.28
2015-05-08,8.41
2015-05-11,8.5
2015-05-12,8.51
2015-05-13,8.48
2015-05-14,8.43
2015-05-15,8.45
2015-05-18,8.47
2015-05-19,8.24
2015-05-20,8.19
2015-05-21,8.15
2015-05-22,8.12
2015-05-26,8.06
2015-05-27,8.01
2015-05-28,8.02
2015-05-29,8.15
2015-06-01,8.12
2015-06-02,8.34
2015-06-03,8.4
2015-06-04,8.3
2015-06-05,8.31
2015-06-08,8.37
2015-06-09,8.49
2015-06-10,8.5
2015-06-11,8.43
2015-06-12,8.51
2015-06-15,8.44
2015-06-16,8.32
2015-06-17,8.37
2015-06-18,8.35
2015-06-19,8.31
2015-06-22,8.39
2015-06-23,8.4
2015-06-24,8.38
2015-06-25,8.49
2015-06-26,8.43
2015-06-29,8.25
2015-06-30,8.34
2015-07-01,8.21
2015-07-02,8.17
2015-07-03,8.17
2015-07-06,8.09
2015-07-07,8.18
2015-07-08,8.21
2015-07-09,8.19
2015-07-10,8.33
2015-07-13,8.52
2015-07-14,8.47
2015-07-15,8.52
2015-07-16,8.4
2015-07-17,8.47
2015-07-20,8.75
2015-07-21,8.71
2015-07-22,8.72
2015-07-23,8.87
2015-07-24,8.77
2015-07-27,8.79
2015-07-28,8.79
2015-07-29,8.84
2015-07-30,8.65
2015-07-31,8.65
2015-08-03,8.83
2015-08-04,8.79
2015-08-05,8.7
2015-08-06,8.73
2015-08-07,8.64
2015-08-10,8.79
2015-08-11,8.99
2015-08-12,9.09
2015-08-13,9.1
2015-08-14,9.27
2015-08-17,9.17
2015-08-18,9.18
2015-08-19,9.25
2015-08-20,9.32
2015-08-21,9.12
2015-08-24,9.09
2015-08-25,9.16
2015-08-26,9.01
2015-08-27,8.96
2015-08-28,9.0
2015-08-31,8.96
2015-09-01,8.94
2015-09-02,9.08
2015-09-03,9.16
2015-09-04,9.07
2015-09-07,9.06
2015-09-08,9.22
2015-09-09,9.27
2015-09-10,9.29
2015-09-11,9.22
2015-09-14,9.21
2015-09-15,9.17
2015-09-16,9.22
2015-09-17,9.2
2015-09-18,9.09
2015-09-21,8.95
2015-09-22,8.98
2015-09-23,9.03
2015-09-24,8.97
2015-09-25,8.95
2015-09-28,8.85
2015-09-29,8.91
2015-09-30,9.12
2015-10-01,9.15
2015-10-02,9.11
2015-10-05,9.19
2015-10-06,9.2
2015-10-07,9.09
2015-10-08,9.11
2015-10-09,9.35
2015-10-12,9.31
2015-10-13,9.36
2015-10-14,9.46
2015-10-15,9.46
2015-10-16,9.42
2015-10-19,9.37
2015-10-20,9.48
2015-10-21,9.47
2015-10-22,9.52
2015-10-23,9.66
2015-10-26,9.71
2015-10-27,9.65
2015-10-28,9.62
2015-10-29,9.72
2015-10-30,9.71
2015-11-02,9.21
2015-11-03,9.06
2015-11-04,9.0
2015-11-05,9.07
2015-11-06,9.01
2015-11-09,8.93
2015-11-10,9.04
2015-11-11,9.05
2015-11-12,8.98
2015-11-13,9.0
2015-11-16,9.13
2015-11-17,9.21
2015-11-18,9.21
2015-11-19,9.25
2015-11-20,9.14
2015-11-23,9.19
2015-11-24,9.29
2015-11-25,9.25
2015-11-26,9.21
2015-11-27,9.19
2015-11-30,9.21
2015-12-01,9.3
2015-12-02,9.23
2015-12-03,9.33
2015-12-04,9.27
2015-12-07,9.16
2015-12-08,9.16
2015-12-09,9.14
2015-12-10,9.09
2015-12-11,8.78
2015-12-14,8.8
2015-12-15,8.91
2015-12-16,8.83
2015-12-17,8.78
2015-12-18,8.78
2015-12-21,8.9
2015-12-22,8.97
2015-12-23,8.94
2015-12-28,9.05
2015-12-29,9.0
2015-12-30,8.94
2016-01-04,8.74
2016-01-05,8.69
2016-01-06,8.43
2016-01-07,8.18
2016-01-08,8.06
2016-01-11,7.75
2016-01-12,7.71
2016-01-13,7.87
2016-01-14,7.69
2016-01-15,7.25
2016-01-18,7.29
2016-01-19,7.4
2016-01-20,6.85
2016-01-21,6.71
2016-01-22,6.85
2016-01-25,6.39
2016-01-26,6.58
2016-01-27,6.4
2016-01-28,6.57
2016-01-29,6.55
2016-02-01,6.3
2016-02-02,6.42
2016-02-03,6.22
2016-02-04,6.21
2016-02-05,6.15
2016-02-08,5.8
2016-02-09,5.48
2016-02-10,5.4
2016-02-11,5.24
2016-02-12,5.6
2016-02-15,5.32
2016-02-16,5.19
2016-02-17,5.64
2016-02-18,5.81
2016-02-19,5.71
2016-02-22,5.98
2016-02-23,5.41
2016-02-24,5.39
2016-02-25,5.6
2016-02-26,5.52
2016-02-29,5.52
2016-03-01,5.52
2016-03-02,5.49
2016-03-03,5.41
2016-03-04,5.44
2016-03-07,5.64
2016-03-08,5.55
2016-03-09,5.64
2016-03-10,5.44
2016-03-11,5.52
2016-03-14,5.41
2016-03-15,5.38
2016-03-16,5.52
2016-03-17,5.55
2016-03-18,5.48
2016-03-21,5.39
2016-03-22,5.35
2016-03-23,5.33
2016-03-24,5.37
2016-03-29,5.29
2016-03-30,5.49
2016-03-31,5.77
2016-04-01,5.87
2016-04-04,6.01
2016-04-05,5.91
2016-04-06,6.01
2016-04-07,5.96
2016-04-08,6.12
2016-04-11,6.3
2016-04-12,6.32
2016-04-13,6.26
2016-04-14,6.34
2016-04-15,6.21
2016-04-18,6.19
2016-04-19,6.29
2016-04-20,6.27
2016-04-21,6.5
2016-04-22,6.76
2016-04-25,6.69
2016-04-26,7.48
2016-04-27,7.76
2016-04-28,7.18
2016-04-29,6.98
2016-05-02,6.87
2016-05-03,6.74
2016-05-04,6.92
2016-05-05,7.01
2016-05-06,6.62
2016-05-09,6.44
2016-05-10,6.66
2016-05-11,6.78
2016-05-12,6.56
2016-05-13,6.57
2016-05-16,6.87
2016-05-17,6.82
2016-05-18,6.83
2016-05-19,6.75
2016-05-20,6.73
2016-05-23,6.47
2016-05-24,6.54
2016-05-25,6.62
2016-05-26,6.8
2016-05-27,6.82
2016-05-30,6.9
2016-05-31,6.89
2016-06-01,6.68
2016-06-02,6.75
2016-06-03,6.66
2016-06-06,6.96
2016-06-07,6.86
2016-06-08,6.85
2016-06-09,6.85
2016-06-10,6.67
2016-06-13,6.58
2016-06-14,6.58
2016-06-15,6.63
2016-06-16,6.4
2016-06-17,6.34
2016-06-20,6.57
2016-06-21,6.24
2016-06-22,6.36
2016-06-23,6.33
2016-06-24,5.57
2016-06-27,5.36
2016-06-28,5.27
2016-06-29,5.06
2016-06-30,5.01
2016-07-01,5.09
2016-07-04,5.48
2016-07-05,5.21
2016-07-06,5.06
2016-07-07,5.06
2016-07-08,5.03
2016-07-11,4.89
2016-07-12,5.11
2016-07-13,5.27
2016-07-14,5.28
2016-07-15,5.45
2016-07-18,5.36
2016-07-19,5.17
2016-07-20,5.17
2016-07-21,5.14
2016-07-22,5.05
2016-07-25,5.08
2016-07-26,5.0
2016-07-27,5.0
2016-07-28,4.96
2016-07-29,4.88
2016-08-01,4.9
2016-08-02,4.93
2016-08-03,5.17
2016-08-04,5.26
2016-08-05,5.29
2016-08-08,5.53
2016-08-09,5.47
2016-08-10,5.35
2016-08-11,5.47
2016-08-12,5.48
2016-08-15,5.37
2016-08-16,5.25
2016-08-17,5.03
2016-08-18,5.22
2016-08-19,5.33
2016-08-22,5.47
2016-08-23,5.27
2016-08-24,5.15
2016-08-25,5.27
2016-08-26,5.27
2016-08-29,5.26
2016-08-30,5.11
2016-08-31,5.0
2016-09-01,4.91
2016-09-02,4.59
2016-09-05,4.38
2016-09-06,4.64
2016-09-07,4.5
2016-09-08,4.56
2016-09-09,4.57
2016-09-12,4.53
2016-09-13,4.52
2016-09-14,4.47
2016-09-15,4.64
2016-09-16,4.88
2016-09-19,4.93
2016-09-20,4.68
2016-09-21,4.72
2016-09-22,4.97
2016-09-23,5.1
2016-09-26,5.19
2016-09-27,4.98
2016-09-28,5.56
2016-09-29,5.63
2016-09-30,5.57
2016-10-03,5.85
2016-10-04,5.72
2016-10-05,6.04
2016-10-06,6.46
2016-10-07,6.27
2016-10-10,6.25
2016-10-11,5.98
2016-10-12,6.09
2016-10-13,6.24
2016-10-14,6.41
2016-10-17,6.47
2016-10-18,6.56
2016-10-19,6.25
2016-10-20,6.14
2016-10-21,6.51
2016-10-24,6.4
2016-10-25,6.4
2016-10-26,6.55
2016-10-27,6.38
2016-10-28,6.47
2016-10-31,6.51
2016-11-01,6.51
2016-11-02,6.73
2016-11-03,7.03
2016-11-04,6.91
2016-11-07,6.72
2016-11-08,6.63
2016-11-09,6.61
2016-11-10,6.39
2016-11-11,6.13
2016-11-14,5.83
2016-11-15,6.19
2016-11-16,5.99
2016-11-17,6.37
2016-11-18,6.02
2016-11-21,5.93
2016-11-22,5.95
2016-11-23,5.82
2016-11-24,5.76
2016-11-25,5.42
2016-11-28,5.11
2016-11-29,4.92
2016-11-30,4.95
2016-12-01,4.7
2016-12-02,4.52
2016-12-05,4.61
2016-12-06,4.74
2016-12-07,4.53
2016-12-08,4.61
2016-12-09,4.72
2016-12-12,5.13
2016-12-13,5.06
2016-12-14,5.27
2016-12-15,5.09
2016-12-16,5.22
2016-12-19,5.37
2016-12-20,5.54
2016-12-21,6.13
2016-12-22,6.4
2016-12-23,6.65
2016-12-27,6.65
2016-12-28,6.66
2016-12-29,6.68
2016-12-30,6.91
2017-01-02,6.51
2017-01-03,5.76
2017-01-04,6.05
2017-01-05,5.6
2017-01-06,5.34
2017-01-09,5.58
2017-01-10,5.83
2017-01-11,5.86
2017-01-12,5.34
2017-01-13,5.34
2017-01-16,4.98
2017-01-17,5.31
2017-01-18,5.14
2017-01-19,5.5
2017-01-20,5.75
2017-01-23,5.64
2017-01-24,5.39
2017-01-25,5.3
2017-01-26,5.5
2017-01-27,5.23
2017-01-30,5.47
2017-01-31,5.67
2017-02-01,5.61
2017-02-02,5.56
2017-02-03,5.49
2017-02-06,5.43
2017-02-07,5.49
2017-02-08,5.54
2017-02-09,5.62
2017-02-10,5.45
2017-02-13,5.21
2017-02-14,5.45
2017-02-15,5.37
2017-02-16,5.25
2017-02-17,5.29
2017-02-20,5.41
2017-02-21,5.36
2017-02-22,5.39
2017-02-23,5.67
2017-02-24,5.72
2017-02-27,5.52
2017-02-28,5.53
2017-03-01,6.3
2017-03-02,5.83
2017-03-03,5.96
2017-03-06,5.87
2017-03-07,5.75
2017-03-08,5.6
2017-03-09,5.48
2017-03-10,5.5
2017-03-13,5.5
2017-03-14,5.45
2017-03-15,5.55
2017-03-16,5.49
2017-03-17,5.47
2017-03-20,5.32
2017-03-21,5.27
2017-03-22,5.3
2017-03-23,5.3
2017-03-24,5.09
2017-03-27,4.95
2017-03-28,5.05
2017-03-29,5.08
2017-03-30,5.25
2017-03-31,4.99
2017-04-03,5.19
2017-04-04,4.98
2017-04-05,5.17
2017-04-06,5.41
2017-04-07,5.24
2017-04-10,5.13
2017-04-11,5.2
2017-04-12,5.29
2017-04-13,5.31
2017-04-18,5.21
2017-04-19,5.18
2017-04-20,5.09
2017-04-21,4.9
2017-04-24,4.98
2017-04-25,4.81
2017-04-26,4.94
2017-04-27,4.88
2017-04-28,4.9
2017-05-02,4.91
2017-05-03,4.85
2017-05-04,5.0
2017-05-05,5.06
2017-05-08,4.88
2017-05-09,4.99
2017-05-10,4.91
2017-05-11,4.81
2017-05-12,4.92
2017-05-15,4.84
2017-05-16,5.01
2017-05-17,5.05
2017-05-18,5.26
2017-05-19,5.36
2017-05-22,5.43
2017-05-23,5.24
2017-05-24,5.43
2017-05-25,5.51
2017-05-26,5.72
2017-05-29,5.71
2017-05-30,5.68
2017-05-31,5.5
2017-06-01,5.7
2017-06-02,5.78
2017-06-05,5.81
2017-06-06,5.57
2017-06-07,5.47
2017-06-08,5.67
2017-06-09,5.65
2017-06-12,5.52
2017-06-13,5.61
2017-06-14,5.52
2017-06-15,5.56
2017-06-16,5.47
2017-06-19,5.52
2017-06-20,5.55
2017-06-21,5.48
2017-06-22,5.46
2017-06-23,5.47
2017-06-26,5.37
2017-06-27,5.54
2017-06-28,5.54
2017-06-29,5.69
2017-06-30,5.65
2017-07-03,5.91
2017-07-04,5.88
2017-07-05,5.8
2017-07-06,6.02
2017-07-07,6.15
2017-07-10,6.2
2017-07-11,6.11
2017-07-12,6.3
2017-07-13,6.16
2017-07-14,6.23
2017-07-17,6.24
2017-07-18,6.27
2017-07-19,6.2
2017-07-20,6.09
2017-07-21,5.85
2017-07-24,5.91
2017-07-25,5.94
2017-07-26,6.04
2017-07-27,5.91
2017-07-28,5.95
2017-07-31,6.01
2017-08-01,6.23
2017-08-02,6.39
2017-08-03,6.39
2017-08-04,6.32
2017-08-07,6.21
2017-08-08,6.22
2017-08-09,6.33
2017-08-10,6.33
2017-08-11,6.34
2017-08-14,6.49
2017-08-15,6.52
2017-08-16,6.82
2017-08-17,6.84
2017-08-18,6.86
2017-08-21,6.78
2017-08-22,6.8
2017-08-23,7.0
2017-08-24,7.0
2017-08-25,7.15
2017-08-28,7.19
2017-08-29,7.11
2017-08-30,7.1
2017-08-31,7.0
2017-09-01,6.93
2017-09-04,7.05
2017-09-05,7.73
2017-09-06,7.98
2017-09-07,8.21
2017-09-08,8.41
2017-09-11,8.17
2017-09-12,8.14
2017-09-13,8.45
2017-09-14,8.46
2017-09-15,8.26
2017-09-18,8.01
2017-09-19,8.35
2017-09-20,8.2
2017-09-21,7.82
2017-09-22,7.91
2017-09-25,8.67
2017-09-26,8.3
2017-09-27,8.23
2017-09-28,8.29
2017-09-29,8.41
2017-10-02,8.15
2017-10-03,8.22
2017-10-04,8.1
2017-10-05,8.08
2017-10-06,8.21
2017-10-09,8.16
2017-10-10,8.65
2017-10-11,8.64
2017-10-12,8.7
2017-10-13,8.61
2017-10-16,8.65
2017-10-17,8.7
2017-10-18,9.16
2017-10-19,8.98
2017-10-20,8.9
2017-10-23,8.75
2017-10-24,8.77
2017-10-25,8.69
2017-10-26,8.46
2017-10-27,8.42
2017-10-30,8.39
2017-10-31,8.68
2017-11-01,8.79
2017-11-02,9.0
2017-11-03,9.24
2017-11-06,9.3
2017-11-07,9.11
2017-11-08,9.04
2017-11-09,8.86
2017-11-10,8.69
2017-11-13,8.62
2017-11-14,8.66
2017-11-15,9.01
2017-11-16,8.82
2017-11-17,8.79
2017-11-20,8.72
2017-11-21,8.69
2017-11-22,8.65
2017-11-23,8.97
2017-11-24,9.1
2017-11-27,9.04
2017-11-28,8.91
2017-11-29,9.04
2017-11-30,8.84
2017-12-01,9.09
2017-12-04,8.92
2017-12-05,8.79
2017-12-06,8.62
2017-12-07,8.7
2017-12-08,8.46
2017-12-11,8.53
2017-12-12,8.46
2017-12-13,8.37
2017-12-14,8.39
2017-12-15,8.5
2017-12-18,8.75
2017-12-19,8.88
2017-12-20,9.2
2017-12-21,9.45
2017-12-22,9.65
2017-12-27,9.63
2017-12-28,9.67
2017-12-29,9.58
2018-01-02,9.48
2018-01-03,9.52
2018-01-04,9.44
2018-01-05,9.45
2018-01-08,9.3
2018-01-09,9.45
2018-01-10,9.58
2018-01-11,9.49
2018-01-12,9.55
2018-01-15,9.45
2018-01-16,9.77
2018-01-17,9.94
2018-01-18,10.33
2018-01-19,10.65
2018-01-22,10.64
2018-01-23,10.96
2018-01-24,11.5
2018-01-25,11.24
2018-01-26,11.04
2018-01-29,10.94
2018-01-30,10.8
2018-01-31,11.26
2018-02-01,11.4
2018-02-02,11.01
2018-02-05,11.16
2018-02-06,10.84
2018-02-07,11.08
2018-02-08,11.22
2018-02-09,11.37
2018-02-12,11.67
2018-02-13,12.19
2018-02-14,11.83
2018-02-15,11.76
2018-02-16,11.71
2018-02-19,12.16
2018-02-20,11.98
2018-02-21,11.77
2018-02-22,11.97
2018-02-23,12.08
2018-02-26,11.85
2018-02-27,12.51
2018-02-28,12.43
2018-03-01,12.3
2018-03-02,12.46
2018-03-05,12.73
2018-03-06,12.88
2018-03-07,13.09
2018-03-08,13.67
2018-03-09,13.68
2018-03-12,13.64
2018-03-13,14.04
2018-03-14,13.78
2018-03-15,13.77
2018-03-16,13.74
2018-03-19,13.62
2018-03-20,14.21
2018-03-21,15.57
2018-03-22,15.17
2018-03-23,15.52
2018-03-26,15.98
2018-03-27,16.83
2018-03-28,15.99
2018-03-29,16.35
2018-04-03,16.3
2018-04-04,15.98
2018-04-05,15.48
2018-04-06,15.9
2018-04-09,16.33
2018-04-10,16.38
2018-04-11,16.44
2018-04-12,16.65
2018-04-13,17.06
2018-04-16,17.14
2018-04-17,16.82
2018-04-18,16.99
2018-04-19,16.46
2018-04-20,15.96
2018-04-23,15.78
2018-04-24,16.17
2018-04-25,16.22
2018-04-26,16.5
2018-04-27,16.59
2018-04-30,16.62
2018-05-02,15.38
2018-05-03,15.26
2018-05-04,15.34
2018-05-07,16.03
2018-05-08,15.99
2018-05-09,16.49
2018-05-10,17.2
2018-05-11,17.26
2018-05-14,17.27
2018-05-15,16.88
2018-05-16,17.88
2018-05-17,18.04
2018-05-18,17.98
2018-05-21,18.34
2018-05-22,18.82
2018-05-23,18.88
2018-05-24,19.21
2018-05-25,18.86
2018-05-28,19.23
2018-05-29,19.22
2018-05-30,18.69
2018-05-31,17.59
2018-06-01,17.83
2018-06-04,18.8
2018-06-05,18.37
2018-06-06,18.56
2018-06-07,18.65
2018-06-08,18.43
2018-06-11,18.04
2018-06-12,17.63
2018-06-13,17.84
2018-06-14,17.39
2018-06-15,16.95
2018-06-18,17.03
2018-06-19,16.61
2018-06-20,16.89
2018-06-21,17.27
2018-06-22,17.61
2018-06-25,17.52
2018-06-26,17.51
2018-06-27,17.77
2018-06-28,17.48
2018-06-29,17.46
2018-07-02,17.56
2018-07-03,17.6
2018-07-04,18.1
2018-07-05,18.29
2018-07-06,18.31
2018-07-09,18.66
2018-07-10,18.73
2018-07-11,19.02
2018-07-12,18.76
2018-07-13,18.72
2018-07-16,18.58
2018-07-17,18.73
2018-07-18,19.14
2018-07-19,19.67
2018-07-20,19.89
2018-07-23,20.27
2018-07-24,19.94
2018-07-25,20.2
2018-07-26,20.15
2018-07-27,19.96
2018-07-30,19.88
2018-07-31,20.27
2018-08-01,20.49
2018-08-02,20.33
2018-08-03,20.36
2018-08-06,20.26
2018-08-07,20.19
2018-08-08,20.04
2018-08-09,20.27
2018-08-10,20.6
2018-08-13,20.8
2018-08-14,20.88
2018-08-15,20.85
2018-08-16,20.73
2018-08-17,20.9
2018-08-20,21.3
2018-08-21,22.24
2018-08-22,22.82
2018-08-23,23.5
2018-08-24,23.83
2018-08-27,24.54
2018-08-28,23.84
2018-08-29,24.26
2018-08-30,24.39
2018-08-31,24.3
2018-09-03,23.45
2018-09-04,23.47
2018-09-05,23.69
2018-09-06,24.97
2018-09-07,27.01
2018-09-10,29.37
2018-09-11,28.11
2018-09-12,26.71
2018-09-13,21.99
2018-09-14,23.24
2018-09-17,24.39
2018-09-18,23.54
2018-09-19,24.98
2018-09-20,25.63
2018-09-21,25.74
2018-09-24,26.08
2018-09-25,24.69
2018-09-26,23.54
2018-09-27,24.22
2018-09-28,24.66
2018-10-01,24.47
2018-10-02,24.04
2018-10-03,24.27
2018-10-04,24.45
2018-10-05,25.39
2018-10-08,25.12
2018-10-09,23.83
2018-10-10,22.31
2018-10-11,22.8
2018-10-12,23.38
2018-10-15,21.34
2018-10-16,22.14
2018-10-17,22.1
2018-10-18,22.66
2018-10-19,22.62
2018-10-22,21.82
2018-10-23,22.08
2018-10-24,22.52
2018-10-25,21.9
2018-10-26,20.98
2018-10-29,19.16
2018-10-30,18.4
2018-10-31,18.8
2018-11-01,17.76
2018-11-02,19.4
2018-11-05,19.59
2018-11-06,19.96
2018-11-07,21.14
2018-11-08,22.24
2018-11-09,22.17
2018-11-12,23.29
2018-11-13,22.89
2018-11-14,22.44
2018-11-15,21.57
2018-11-16,21.71
2018-11-19,21.53
2018-11-20,22.11
2018-11-21,23.29
2018-11-22,23.77
2018-11-23,22.95
2018-11-26,22.53
2018-11-27,22.29
2018-11-28,21.93
2018-11-29,22.76
2018-11-30,23.29
2018-12-03,23.5
2018-12-04,23.6
2018-12-05,22.4
2018-12-06,22.76
2018-12-07,23.11
2018-12-10,23.75
2018-12-11,22.95
2018-12-12,24.44
2018-12-13,25.41
2018-12-14,26.62
2018-12-17,27.62
2018-12-18,27.31
2018-12-19,27.69
2018-12-20,27.5
2018-12-21,27.99
2018-12-27,28.07
2018-12-28,28.04
2019-01-02,28.89
2019-01-03,26.62
2019-01-04,27.09
2019-01-07,25.4
2019-01-08,26.08
2019-01-09,25.15
2019-01-10,25.24
2019-01-11,25.96
2019-01-14,25.74
2019-01-15,25.82
2019-01-16,26.71
2019-01-17,27.02
2019-01-18,28.38
2019-01-21,27.94
2019-01-22,28.78
2019-01-23,28.22
2019-01-24,27.48
2019-01-25,27.32
2019-01-28,26.0
2019-01-29,26.7
2019-01-30,26.33
2019-01-31,25.46
2019-02-01,24.96
2019-02-04,26.18
2019-02-05,26.3
2019-02-06,26.9
2019-02-07,26.65
2019-02-08,25.39
2019-02-11,25.43
2019-02-12,23.5
2019-02-13,23.77
2019-02-14,22.45
2019-02-15,23.18
2019-02-18,22.71
2019-02-19,22.94
2019-02-20,23.25
2019-02-21,21.34
2019-02-22,21.5
2019-02-25,21.84
2019-02-26,22.32
2019-02-27,24.14
2019-02-28,24.62
2019-03-01,25.18
2019-03-04,26.14
2019-03-05,25.93
2019-03-06,25.01
2019-03-07,26.3
2019-03-08,26.02
2019-03-11,25.18
2019-03-12,25.24
2019-03-13,25.18
2019-03-14,25.7
2019-03-15,25.4
2019-03-18,24.66
2019-03-19,23.87
2019-03-20,24.46
2019-03-21,23.67
2019-03-22,23.36
2019-03-25,23.67
2019-03-26,24.35
2019-03-27,24.7
2019-03-28,25.16
2019-03-29,24.35
2019-04-01,24.62
2019-04-02,24.74
2019-04-03,26.03
2019-04-04,27.47
2019-04-05,27.65
2019-04-08,27.32
2019-04-09,28.69
2019-04-10,29.37
2019-04-11,30.7
2019-04-12,29.87
2019-04-15,30.13
2019-04-16,30.34
2019-04-17,30.86
2019-04-18,30.22
2019-04-22,30.22
2019-04-23,30.94
2019-04-24,30.79
2019-04-25,30.66
2019-04-26,29.05
2019-04-29,29.65
2019-04-30,29.55
2019-05-01,28.83
2019-05-02,27.63
2019-05-03,28.19
2019-05-06,28.33
2019-05-07,29.53
2019-05-08,30.1
2019-05-09,29.64
2019-05-10,28.65
2019-05-13,28.0
2019-05-14,28.96
2019-05-15,29.05
2019-05-16,28.6
2019-05-17,27.96
2019-05-20,28.19
2019-05-21,28.39
2019-05-22,29.49
2019-05-23,29.15
2019-05-24,28.49
2019-05-27,28.62
2019-05-28,28.5
2019-05-29,28.55
2019-05-30,28.3
2019-05-31,27.36
2019-06-03,26.81
2019-06-04,27.74
2019-06-05,27.39
2019-06-06,27.08
2019-06-07,27.68
2019-06-10,28.46
2019-06-11,28.21
2019-06-12,28.03
2019-06-13,28.19
2019-06-14,28.29
2019-06-17,28.26
2019-06-18,28.37
2019-06-19,28.19
2019-06-20,28.35
2019-06-21,28.57
2019-06-24,29.78
2019-06-25,29.83
2019-06-26,30.93
2019-06-27,30.37
2019-06-28,29.68
2019-07-01,30.2
2019-07-02,29.98
2019-07-03,29.74
2019-07-04,29.18
2019-07-05,29.59
2019-07-08,30.08
2019-07-09,29.8
2019-07-10,31.62
2019-07-11,31.74
2019-07-12,32.3
2019-07-15,32.59
2019-07-16,31.94
2019-07-17,31.94
2019-07-18,31.16
2019-07-19,32.41
2019-07-22,32.52
2019-07-23,33.44
2019-07-24,32.75
2019-07-25,32.56
2019-07-26,31.74
2019-07-29,31.88
2019-07-30,31.3
2019-07-31,31.39
2019-08-01,32.77
2019-08-02,32.56
2019-08-05,31.93
2019-08-06,31.61
2019-08-07,31.46
2019-08-08,31.74
2019-08-09,31.29
2019-08-12,29.71
2019-08-13,30.15
2019-08-14,29.94
2019-08-15,28.91
2019-08-16,28.88
2019-08-19,29.55
2019-08-20,29.21
2019-08-21,28.95
2019-08-22,28.55
2019-08-23,27.93
2019-08-26,28.74
2019-08-27,28.27
2019-08-28,28.94
2019-08-29,29.44
2019-08-30,29.28
2019-09-02,27.72
2019-09-03,27.76
2019-09-04,28.08
2019-09-05,28.09
2019-09-06,27.6
2019-09-09,27.53
2019-09-10,29.4
2019-09-11,28.91
2019-09-12,29.08
2019-09-13,29.03
2019-09-16,29.75
2019-09-17,28.85
2019-09-18,28.0
2019-09-19,28.56
2019-09-20,29.19
2019-09-23,28.39
2019-09-24,28.1
2019-09-25,27.74
2019-09-26,28.21
2019-09-27,27.84
2019-09-30,27.2
2019-10-01,27.68
2019-10-02,26.74
2019-10-03,25.69
2019-10-04,25.35
2019-10-07,25.87
2019-10-08,24.9
2019-10-09,25.03
2019-10-10,25.71
2019-10-11,27.01
2019-10-14,26.69
2019-10-15,28.42
2019-10-16,29.07
2019-10-17,28.8
2019-10-18,28.6
2019-10-21,28.66
2019-10-22,28.36
2019-10-23,27.36
2019-10-24,28.12
2019-10-25,27.6
2019-10-28,27.76
2019-10-29,28.13
2019-10-30,28.74
2019-10-31,28.31
2019-11-01,27.95
2019-11-04,28.32
2019-11-05,28.19
2019-11-06,27.4
2019-11-07,27.56
2019-11-08,27.45
2019-11-11,27.55
2019-11-12,26.65
2019-11-13,26.95
2019-11-14,26.48
2019-11-15,26.36
2019-11-18,25.85
2019-11-19,25.9
2019-11-20,26.56
2019-11-21,26.46
2019-11-22,27.16
2019-11-25,27.01
2019-11-26,26.94
2019-11-27,27.75
2019-11-28,27.64
2019-11-29,27.87
2019-12-02,27.04
2019-12-03,26.67
2019-12-04,27.49
2019-12-05,27.44
2019-12-06,27.72
2019-12-09,27.93
2019-12-10,27.72
2019-12-11,27.21
2019-12-12,27.86
2019-12-13,26.69
2019-12-16,27.63
2020-01-02,27.07
2020-01-03,27.73
2020-01-06,26.9
2020-01-07,27.25
2020-01-08,26.73
2020-01-09,27.38
2020-01-10,26.87
2020-01-13,26.8
2020-01-14,26.46
2020-01-15,27.21
2020-01-16,27.58
2020-01-17,28.24
2020-01-20,27.94
2020-01-21,27.66
2020-01-22,27.76
2020-01-23,27.42
2020-01-24,27.06
2020-01-27,27.3
2020-01-28,27.36
2020-01-29,26.63
2020-01-30,26.35
2020-01-31,26.51
2020-02-03,25.31
2020-02-04,25.47
2020-02-05,25.92
2020-02-06,25.69
2020-02-07,25.43
2020-02-10,25.26
2020-02-11,25.41
2020-02-12,26.04
2020-02-13,26.61
2020-02-14,26.49
2020-02-17,27.32
2020-02-18,27.42
2020-02-19,28.04
2020-02-20,27.96
2020-02-21,27.93
2020-02-24,26.79
2020-02-25,26.37
2020-02-26,26.46
2020-02-27,25.74
2020-02-28,25.75
2020-03-02,26.02
2020-03-03,25.84
2020-03-04,26.36
2020-03-05,26.34
2020-03-06,25.91
2020-03-09,25.76
2020-03-10,26.66
2020-03-11,26.46
2020-03-12,24.91
2020-03-13,24.27
2020-03-16,21.54
2020-03-17,20.26
2020-03-18,16.93
2020-03-19,18.13
2020-03-20,17.82
2020-03-23,17.19
2020-03-24,18.56
2020-03-25,19.37
2020-03-26,19.2
2020-03-27,18.13
2020-03-30,18.87
2020-03-31,19.56
2020-04-01,18.55
2020-04-02,19.62
2020-04-03,19.51
2020-04-06,22.16
2020-04-07,22.28
2020-04-08,22.96
2020-04-09,22.9
2020-04-13,22.9
2020-04-14,21.52
2020-04-15,20.91
2020-04-16,22.74
2020-04-17,23.57
2020-04-20,23.22
2020-04-21,21.56
2020-04-22,22.44
2020-04-23,22.84
2020-04-24,22.53
2020-04-27,22.03
2020-04-28,21.95
2020-04-29,21.93
2020-04-30,21.26
2020-05-01,20.68
2020-05-04,21.1
2020-05-05,20.81
2020-05-06,20.71
2020-05-07,21.3
2020-05-08,21.1
2020-05-11,20.79
2020-05-12,20.19
2020-05-13,20.35
2020-05-14,20.54
2020-05-15,20.9
2020-05-18,22.17
2020-05-19,21.77
2020-05-20,23.18
2020-05-21,23.09
2020-05-22,23.33
2020-05-25,23.54
2020-05-26,23.55
2020-05-27,23.25
2020-05-28,23.18
2020-05-29,23.33
2020-06-01,23.6
2020-06-02,24.84
2020-06-03,24.85
2020-06-04,25.0
2020-06-05,26.16
2020-06-08,25.56
2020-06-09,25.3
2020-06-10,25.78
2020-06-11,25.06
2020-06-12,24.76
2020-06-15,24.94
2020-06-16,25.64
2020-06-17,25.6
2020-06-18,27.54
2020-06-19,27.19
2020-06-22,27.61
2020-06-23,28.6
2020-06-24,28.59
2020-06-25,28.34
2020-06-26,27.83
2020-06-29,29.97
2020-06-30,30.35
2020-07-01,31.77
2020-07-02,31.38
2020-07-03,31.99
2020-07-06,34.05
2020-07-07,33.69
2020-07-08,33.61
2020-07-09,32.8
2020-07-10,33.27
2020-07-13,33.65
2020-07-14,33.98
2020-07-15,33.07
2020-07-16,30.5
2020-07-17,31.89
2020-07-20,30.0
2020-07-21,30.5
2020-07-22,30.53
2020-07-23,31.33
2020-07-24,30.23
2020-07-27,28.67
2020-07-28,29.51
2020-07-29,30.02
2020-07-30,29.28
2020-07-31,30.13
2020-08-03,30.91
2020-08-04,31.73
2020-08-05,31.66
2020-08-06,31.21
2020-08-07,31.25
2020-08-10,31.59
2020-08-11,30.98
2020-08-12,30.72
2020-08-13,30.08
2020-08-14,30.14
2020-08-17,31.11
2020-08-18,31.4
2020-08-19,31.03
2020-08-20,30.63
2020-08-21,30.34
2020-08-24,32.5
2020-08-25,33.84
2020-08-26,33.85
2020-08-27,33.56
2020-08-28,34.92
2020-08-31,33.9
2020-09-01,32.71
2020-09-02,33.29
2020-09-03,33.89
2020-09-04,32.26
2020-09-07,31.9
2020-09-08,31.59
2020-09-09,32.08
2020-09-10,33.51
2020-09-11,33.33
2020-09-14,35.93
2020-09-15,35.13
2020-09-16,35.37
2020-09-17,33.53
2020-09-18,33.01
2020-09-21,31.13
2020-09-22,32.84
2020-09-23,31.25
2020-09-24,31.59
2020-09-25,30.86
2020-09-28,32.68
2020-09-29,31.59
2020-09-30,31.76
2020-10-01,31.22
2020-10-02,31.83
2020-10-05,31.72
2020-10-06,31.55
2020-10-07,31.68
2020-10-08,31.02
2020-10-09,30.27
2020-10-12,30.46
2020-10-13,29.7
2020-10-14,30.32
2020-10-15,29.39
2020-10-16,29.31
2020-10-19,29.41
2020-10-20,28.74
2020-10-21,27.74
2020-10-22,28.47
2020-10-23,30.01
2020-10-26,28.08
2020-10-27,28.34
2020-10-28,27.12
2020-10-29,27.87
2020-10-30,27.92
2020-11-02,28.02
2020-11-03,28.87
2020-11-04,29.72
2020-11-05,30.75
2020-11-06,30.09
2020-11-09,31.43
2020-11-10,31.05
2020-11-11,30.93
2020-11-12,30.68
2020-11-13,31.11
2020-11-16,32.42
2020-11-17,31.54
2020-11-18,32.19
2020-11-19,31.19
2020-11-20,31.65
2020-11-23,32.26
2020-11-24,32.71
2020-11-25,32.7
2020-11-26,33.26
2020-11-27,33.3
2020-11-30,34.5
2020-12-01,35.12
2020-12-02,35.96
2020-12-03,35.29
2020-12-04,36.64
2020-12-07,36.05
2020-12-08,35.99
2020-12-09,36.14
2020-12-10,37.6
2020-12-11,37.14
2020-12-14,37.49
2021-01-04,41.0
2021-01-05,40.12
2021-01-06,40.93
2021-01-07,42.31
2021-01-08,42.5
2021-01-11,42.03
2021-01-12,42.18
2021-01-13,40.95
2021-01-14,40.81
2021-01-15,38.63
2021-01-18,38.48
2021-01-19,40.27
2021-01-20,40.05
2021-01-21,41.51
2021-01-22,41.67
2021-01-25,40.36
2021-01-26,40.59
2021-01-27,40.5
2021-01-28,41.32
2021-01-29,40.1
2021-02-01,39.74
2021-02-02,42.31
2021-02-03,45.28
2021-02-04,45.09
2021-02-05,46.21
2021-02-08,46.71
2021-02-09,46.29
2021-02-10,47.58
2021-02-11,46.89
2021-02-12,48.42
2021-02-15,47.81
2021-02-16,47.01
2021-02-17,46.08
2021-02-18,46.36
2021-02-19,45.25
2021-02-22,45.92
2021-02-23,46.78
2021-02-24,47.36
2021-02-25,46.29
2021-02-26,45.1
2021-03-01,44.18
2021-03-02,45.63
2021-03-03,44.59
2021-03-04,45.41
2021-03-05,46.43
2021-03-08,46.56
2021-03-09,48.37
2021-03-10,49.43
2021-03-11,49.89
2021-03-12,50.99
2021-03-15,50.44
2021-03-16,49.5
2021-03-17,51.15
2021-03-18,50.45
2021-03-19,49.94
2021-03-22,50.98
2021-03-23,49.3
2021-03-24,49.5
2021-03-25,48.01
2021-03-26,49.65
2021-03-29,49.8
2021-03-30,50.04
2021-03-31,50.63
2021-04-01,50.88
2021-04-05,50.88
2021-04-06,53.0
2021-04-07,52.54
2021-04-08,52.09
2021-04-09,52.28
2021-04-12,53.28
2021-04-13,52.53
2021-04-14,52.49
2021-04-15,52.9
2021-04-16,53.21
2021-04-19,53.13
2021-04-20,53.77
2021-04-21,55.0
2021-04-22,56.41
2021-04-23,56.24
2021-04-26,56.54
2021-04-27,56.66
2021-04-28,57.25
2021-04-29,57.52
2021-04-30,58.51
2021-05-03,60.03
2021-05-04,59.04
2021-05-05,60.06
2021-05-06,60.66
2021-05-07,61.28
2021-05-10,63.43
2021-05-11,64.42
2021-05-12,67.19
2021-05-13,66.18
2021-05-14,68.81
2021-05-17,68.43
2021-05-18,64.46
2021-05-19,60.34
2021-05-20,64.01
2021-05-21,62.86
2021-05-24,64.09
2021-05-25,64.76
2021-05-26,65.19
2021-05-27,62.96
2021-05-28,61.98
2021-05-31,62.79
2021-06-01,63.14
2021-06-02,61.92
2021-06-03,60.52
2021-06-04,60.2
2021-06-07,62.01
2021-06-08,62.85
2021-06-09,64.46
2021-06-10,64.79
2021-06-11,63.45
2021-06-14,63.73
2021-06-15,61.92
2021-06-16,61.85
2021-06-17,61.33
2021-06-18,62.52
2021-06-21,63.15
2021-06-22,64.34
2021-06-23,65.86
2021-06-24,66.37
2021-06-25,66.32
2021-06-28,66.86
2021-06-29,67.03
2021-06-30,67.91
2021-07-01,68.15
2021-07-02,67.8
2021-07-05,68.41
2021-07-06,63.86
2021-07-07,62.21
2021-07-08,61.89
2021-07-09,64.15
2021-07-12,61.13
2021-07-13,62.48
2021-07-14,63.09
2021-07-15,62.62
2021-07-16,62.53
2021-07-19,61.96
2021-07-20,60.54
2021-07-21,61.64
2021-07-22,60.04
2021-07-23,60.16
2021-07-26,62.89
2021-07-27,62.55
2021-07-28,63.65
2021-07-29,63.9
2021-07-30,63.05
2021-08-02,64.07
2021-08-03,63.79
2021-08-04,65.29
2021-08-05,65.9
2021-08-06,66.7
2021-08-09,66.65
2021-08-10,67.58
2021-08-11,68.02
2021-08-12,66.23
2021-08-13,65.19
2021-08-16,68.46
2021-08-17,67.37
2021-08-18,67.25
2021-08-19,62.98
2021-08-20,64.02
2021-08-23,65.15
2021-08-24,66.68
2021-08-25,66.56
2021-08-26,66.93
2021-08-27,69.45
2021-08-30,71.53
2021-08-31,71.53
2021-09-01,70.76
2021-09-02,72.41
2021-09-03,72.18
2021-09-06,73.34
2021-09-07,72.96
2021-09-08,73.51
2021-09-09,73.86
2021-09-10,71.7
2021-09-13,71.88
2021-09-14,70.45
2021-09-15,70.46
2021-09-16,69.81
2021-09-17,70.01
2021-09-20,71.42
2021-09-21,70.81
2021-09-22,71.33
2021-09-23,71.26
2021-09-24,74.08
2021-09-27,75.77
2021-09-28,72.88
2021-09-29,74.01
2021-09-30,72.67
2021-10-01,71.98
2021-10-04,73.55
2021-10-05,75.08
2021-10-06,68.59
2021-10-07,70.04
2021-10-08,67.67
2021-10-11,68.62
2021-10-12,68.37
2021-10-13,68.53
2021-10-14,71.28
2021-10-15,68.96
2021-10-18,67.94
2021-10-19,63.29
2021-10-20,67.03
2021-10-21,67.27
2021-10-22,67.6
2021-10-25,68.44
2021-10-26,69.39
2021-10-27,69.49
2021-10-28,67.95
2021-10-29,68.11
2021-11-01,64.99
2021-11-02,67.87
2021-11-03,68.28
2021-11-04,68.32
2021-11-05,67.79
2021-11-08,69.2
2021-11-09,68.95
2021-11-10,72.09
2021-11-11,72.71
2021-11-12,72.22
2021-11-15,75.25
2021-11-16,77.1
2021-11-17,76.66
2021-11-18,78.87
2021-11-19,79.17
2021-11-22,79.8
2021-11-23,78.95
2021-11-24,83.22
2021-11-25,84.99
2021-11-26,83.07
2021-11-29,84.7
2021-11-30,86.03
2021-12-01,86.82
2021-12-02,90.27
2021-12-03,88.45
2021-12-06,91.84
2021-12-07,95.98
2021-12-08,100.47
2021-12-09,90.66
2021-12-10,94.65
2021-12-13,92.83
2021-12-14,89.84
2021-12-15,91.0
2021-12-16,95.82
2021-12-17,82.83
2021-12-20,89.73
2022-01-03,95.05
2022-01-04,96.07
2022-01-05,99.09
2022-01-06,98.14
2022-01-07,96.65
2022-01-10,90.62
2022-01-11,91.99
2022-01-12,90.53
2022-01-13,91.15
2022-01-14,92.87
2022-01-17,91.17
2022-01-18,93.54
2022-01-19,92.88
2022-01-20,96.84
2022-01-21,95.57
2022-01-24,95.06
2022-01-25,98.95
2022-01-26,100.31
2022-01-27,101.56
2022-01-28,100.95
2022-01-31,100.97
2022-02-01,101.53
2022-02-02,106.85
2022-02-03,107.53
2022-02-04,109.39
2022-02-07,109.68
2022-02-08,109.94
2022-02-09,102.97
2022-02-10,102.96
2022-02-11,105.33
2022-02-14,104.07
2022-02-15,103.37
2022-02-16,101.92
2022-02-17,98.04
2022-02-18,101.48
2022-02-21,101.71
2022-02-22,101.82
2022-02-23,107.83
2022-02-24,98.71
2022-02-25,99.97
2022-02-28,93.24
2022-03-01,75.87
2022-03-02,75.47
2022-03-03,74.21
2022-03-04,71.73
2022-03-07,64.24
2022-03-08,75.49
2022-03-09,80.64
2022-03-10,84.2
2022-03-11,84.58
2022-03-14,86.26
2022-03-15,85.32
2022-03-16,86.12
2022-03-17,88.03
2022-03-18,86.93
2022-03-21,86.38
2022-03-22,88.89
2022-03-23,84.41
2022-03-24,86.21
2022-03-25,86.61
2022-03-28,89.04
2022-03-29,90.02
2022-03-30,86.29
2022-03-31,84.27
2022-04-01,84.92
2022-04-04,84.93
2022-04-05,84.44
2022-04-06,83.5
2022-04-07,86.48
2022-04-08,86.65
2022-04-11,84.33
2022-04-12,85.48
2022-04-13,83.78
2022-04-14,86.52
2022-04-18,86.52
2022-04-19,86.77
2022-04-20,95.01
2022-04-21,93.52
2022-04-22,96.28
2022-04-25,90.29
2022-04-26,89.48
2022-04-27,87.64
2022-04-28,89.45
2022-04-29,91.36
2022-05-02,87.84
2022-05-03,93.29
2022-05-04,93.42
2022-05-05,94.05
2022-05-06,96.84
2022-05-09,92.05
2022-05-10,92.39
2022-05-11,93.97
2022-05-12,93.37
2022-05-13,93.6
2022-05-16,94.74
2022-05-17,97.03
2022-05-18,89.54
2022-05-19,87.99
2022-05-20,85.04
2022-05-23,82.67
2022-05-24,86.02
2022-05-25,86.11
2022-05-26,89.66
2022-05-27,89.07
2022-05-30,88.83
2022-05-31,88.88
2022-06-01,90.95
2022-06-02,91.23
2022-06-03,91.79
2022-06-06,86.04
2022-06-07,85.91
2022-06-08,84.33
2022-06-09,85.59
2022-06-10,86.49
2022-06-13,86.15
2022-06-14,88.91
2022-06-15,91.08
2022-06-16,87.7
2022-06-17,87.03
2022-06-20,88.75
2022-06-21,89.52
2022-06-22,86.51
2022-06-23,88.89
2022-06-24,88.15
2022-06-27,89.86
2022-06-28,92.35
2022-06-29,93.35
2022-06-30,95.26
2022-07-01,87.11
2022-07-04,86.06
2022-07-05,84.68
2022-07-06,84.71
2022-07-07,86.44
2022-07-08,84.27
2022-07-11,85.87
2022-07-12,87.18
2022-07-13,85.36
2022-07-14,85.47
2022-07-15,86.91
2022-07-18,86.46
2022-07-19,85.15
2022-07-20,80.25
2022-07-21,79.51
2022-07-22,77.67
2022-07-25,77.74
2022-07-26,78.05
2022-07-27,77.5
2022-07-28,80.37
2022-07-29,79.96
2022-08-01,81.61
2022-08-02,83.0
2022-08-03,85.07
2022-08-04,85.27
2022-08-05,85.85
2022-08-08,84.89
2022-08-09,87.03
2022-08-10,87.02
2022-08-11,88.67
2022-08-12,90.01
2022-08-15,91.95
2022-08-16,93.26
2022-08-17,97.03
2022-08-18,97.27
2022-08-19,99.27
2022-08-22,93.35
2022-08-23,90.44
2022-08-24,90.39
2022-08-25,90.46
2022-08-26,91.47
2022-08-29,87.77
2022-08-30,81.85
2022-08-31,81.06
2022-09-01,80.01
2022-09-02,77.14
2022-09-05,73.73
2022-09-06,69.21
2022-09-07,68.37
2022-09-08,66.59
2022-09-09,65.44
2022-09-12,71.13
2022-09-13,69.08
2022-09-14,71.84
2022-09-15,71.16
2022-09-16,72.56
2022-09-19,70.42
2022-09-20,70.46
2022-09-21,69.12
2022-09-22,69.76
2022-09-23,65.14
2022-09-26,69.65
2022-09-27,67.31
2022-09-28,64.52
2022-09-29,65.1
2022-09-30,66.09
2022-10-03,64.79
2022-10-04,65.75
2022-10-05,65.9
2022-10-06,67.76
2022-10-07,68.63
2022-10-10,65.61
2022-10-11,65.18
2022-10-12,65.55
2022-10-13,67.64
2022-10-14,66.83
2022-10-17,66.33
2022-10-18,66.59
2022-10-19,66.12
2022-10-20,65.7
2022-10-21,67.52
2022-10-24,71.06
2022-10-25,75.77
2022-10-26,74.47
2022-10-27,78.81
2022-10-28,79.79
2022-10-31,78.58
2022-11-01,78.26
2022-11-02,78.24
2022-11-03,77.82
2022-11-04,77.9
2022-11-07,79.05
2022-11-08,77.59
2022-11-09,74.22
2022-11-10,74.52
2022-11-11,77.37
2022-11-14,76.74
2022-11-15,78.19
2022-11-16,74.89
2022-11-17,73.86
2022-11-18,73.93
2022-11-21,76.11
2022-11-22,75.38
2022-11-23,77.4
2022-11-24,79.85
2022-11-25,80.45
2022-11-28,80.4
2022-11-29,82.89
2022-11-30,86.39
2022-12-01,90.24
2022-12-02,92.83
2022-12-05,92.45
2022-12-06,92.85
2022-12-07,93.26
2022-12-08,93.89
2022-12-09,93.01
2022-12-12,95.48
2022-12-13,93.86
2022-12-14,91.71
2022-12-15,90.53
2022-12-16,88.76
2022-12-19,89.06
2023-01-02,92.91
2023-01-03,90.0
2023-01-04,83.76
2023-01-05,84.89
2023-01-06,83.34
2023-01-09,87.71
2023-01-10,86.73
2023-01-11,85.08
2023-01-12,86.41
2023-01-13,86.0
2023-01-16,83.54
2023-01-17,85.68
2023-01-18,89.66
2023-01-19,90.35
2023-01-20,91.62
2023-01-23,91.74
2023-01-24,87.95
2023-01-25,90.74
2023-01-26,96.23
2023-01-27,96.09
2023-01-30,96.5
2023-01-31,100.16
2023-02-01,102.28
2023-02-02,99.66
2023-02-03,99.96
2023-02-06,97.38
2023-02-07,96.75
2023-02-08,96.74
2023-02-09,97.46
2023-02-10,99.68
2023-02-13,98.81
2023-02-14,98.63
2023-02-15,101.12
2023-02-16,104.52
2023-02-17,103.13
2023-02-20,105.38
2023-02-21,107.52
2023-02-22,103.69
2023-02-23,104.56
2023-02-24,104.35
2023-02-27,107.4
2023-02-28,106.94
2023-03-01,103.76
2023-03-02,99.97
2023-03-03,98.69
2023-03-06,99.54
2023-03-07,102.44
2023-03-08,104.76
2023-03-09,105.37
2023-03-10,106.84
2023-03-13,103.99
2023-03-14,99.22
2023-03-15,95.5
2023-03-16,93.22
2023-03-17,93.45
2023-03-20,94.03
2023-03-21,96.06
2023-03-22,96.0
2023-03-23,99.11
2023-03-24,93.84
2023-03-27,93.58
2023-03-28,95.62
2023-03-29,96.66
2023-03-30,97.38
2023-03-31,98.42
2023-04-03,105.02
2023-04-04,104.15
2023-04-05,105.98
2023-04-06,106.01
2023-04-10,106.01
2023-04-11,106.87
2023-04-12,105.2
2023-04-13,103.59
2023-04-14,102.92
2023-04-17,102.04
2023-04-18,104.53
2023-04-19,103.59
2023-04-20,100.86
2023-04-21,98.4
2023-04-24,96.94
2023-04-25,95.41
2023-04-26,93.93
2023-04-27,94.38
2023-04-28,95.79
2023-05-01,93.36
2023-05-02,96.08
2023-05-03,92.37
2023-05-04,92.02
2023-05-05,92.33
2023-05-08,92.82
2023-05-09,94.3
2023-05-10,97.25
2023-05-11,96.05
2023-05-12,96.16
2023-05-15,94.51
2023-05-16,96.28
2023-05-17,95.8
2023-05-18,97.64
2023-05-19,97.68
2023-05-22,95.37
2023-05-23,92.92
2023-05-24,92.54
2023-05-25,90.19
2023-05-26,89.44
2023-05-29,90.05
2023-05-30,87.51
2023-05-31,88.05
2023-06-01,85.33
2023-06-02,85.62
2023-06-05,89.41
2023-06-06,88.53
2023-06-07,90.56
2023-06-08,91.04
2023-06-09,94.08
2023-06-12,95.2
2023-06-13,97.45
2023-06-14,101.16
2023-06-15,101.09
2023-06-16,100.11
2023-06-19,99.89
2023-06-20,102.82
2023-06-21,98.15
2023-06-22,97.72
2023-06-23,95.26
2023-06-26,93.49
2023-06-27,96.31
2023-06-28,95.09
2023-06-29,95.27
2023-06-30,96.56
2023-07-03,96.56
2023-07-04,96.48
2023-07-05,94.89
2023-07-06,95.06
2023-07-07,95.28
2023-07-10,95.43
2023-07-11,95.92
2023-07-12,94.89
2023-07-13,94.92
2023-07-14,95.14
2023-07-17,95.64
2023-07-18,96.59
2023-07-19,98.62
2023-07-20,100.1
2023-07-21,101.1
2023-07-24,100.75
2023-07-25,101.66
2023-07-26,100.45
2023-07-27,100.7
2023-07-28,98.06
2023-07-31,95.84
2023-08-01,92.83
2023-08-02,91.03
2023-08-03,92.47
2023-08-04,91.25
2023-08-07,90.19
2023-08-08,92.01
2023-08-09,91.58
2023-08-10,92.62
2023-08-11,94.61
2023-08-14,95.7
2023-08-15,95.05
2023-08-16,96.5
2023-08-17,96.91
2023-08-18,96.01
2023-08-21,95.87
2023-08-22,98.04
2023-08-23,96.24
2023-08-24,93.64
2023-08-25,93.15
2023-08-28,93.47
2023-08-29,92.47
2023-08-30,94.08
2023-08-31,93.55
2023-09-01,91.1
2023-09-04,89.91
2023-09-05,89.58
2023-09-06,89.39
2023-09-07,88.6
2023-09-08,87.09
2023-09-11,87.23
2023-09-12,86.62
2023-09-13,88.69
2023-09-14,88.8
2023-09-15,87.94
2023-09-18,86.37
2023-09-19,86.78
2023-09-20,88.47
2023-09-21,89.89
2023-09-22,91.33
2023-09-25,91.1
2023-09-26,88.59
2023-09-27,87.92
2023-09-28,88.37
2023-09-29,87.25
2023-10-02,85.35
2023-10-03,84.13
2023-10-04,86.26
2023-10-05,85.04
2023-10-06,84.99
2023-10-09,86.35
2023-10-10,89.59
2023-10-11,88.85
2023-10-12,90.02
2023-10-13,90.79
2023-10-16,88.04
2023-10-17,87.19
2023-10-18,86.46
2023-10-19,86.36
2023-10-20,85.99
2023-10-23,85.03
2023-10-24,85.11
2023-10-25,84.42
2023-10-26,84.13
2023-10-27,83.81
2023-10-30,83.15
2023-10-31,83.5
2023-11-01,84.89
2023-11-02,84.96
2023-11-03,83.92
2023-11-06,81.97
2023-11-07,81.33
2023-11-08,81.82
2023-11-09,83.63
2023-11-10,85.06
2023-11-13,83.74
2023-11-14,84.99
2023-11-15,86.18
2023-11-16,83.23
2023-11-17,82.74
2023-11-20,82.8
2023-11-21,81.46
2023-11-22,81.27
2023-11-23,82.78
2023-11-24,82.79
2023-11-27,79.58
2023-11-28,78.86
2023-11-29,76.76
2023-11-30,76.53
2023-12-01,79.04
2023-12-04,76.72
2023-12-05,74.84
2023-12-06,75.03
2023-12-07,75.94
2023-12-08,74.83
2023-12-11,73.36
2023-12-12,74.37
2023-12-13,75.12
2023-12-14,72.82
2023-12-15,72.34
2023-12-18,75.32
2024-01-02,82.84
2024-01-03,84.35
2024-01-04,82.68
2024-01-05,83.26
2024-01-08,78.97
2024-01-09,78.45
2024-01-10,76.33
2024-01-11,74.07
2024-01-12,71.77
2024-01-15,73.34
2024-01-16,71.53
2024-01-17,68.87
2024-01-18,68.71
2024-01-19,69.41
2024-01-22,67.66
2024-01-23,68.76
2024-01-24,71.78
2024-01-25,68.93
2024-01-26,69.33
2024-01-29,67.37
2024-01-30,69.26
2024-01-31,69.97
2024-02-01,67.13
2024-02-02,68.44
2024-02-05,67.65
2024-02-06,68.63
2024-02-07,67.37
2024-02-08,65.61
2024-02-09,63.46
2024-02-12,61.41
2024-02-13,60.91
2024-02-14,61.13
2024-02-15,62.51
2024-02-16,61.71
2024-02-19,57.79
2024-02-20,58.63
2024-02-21,58.89
2024-02-22,57.0
2024-02-23,56.37
2024-02-26,58.26
2024-02-27,60.1
2024-02-28,62.44
2024-02-29,60.45
2024-03-01,61.29
2024-03-04,62.0
2024-03-05,65.82
2024-03-06,64.4
2024-03-07,64.32
2024-03-08,63.48
2024-03-11,61.11
2024-03-12,61.44
2024-03-13,60.93
2024-03-14,63.55
2024-03-15,64.57
2024-03-18,66.79
2024-03-19,66.15
2024-03-20,65.91
2024-03-21,64.22
2024-03-22,66.87
2024-03-25,70.67
2024-03-26,67.71
2024-03-27,67.88
2024-03-28,67.19
2024-04-01,66.3
2024-04-02,62.99
2024-04-03,61.59
2024-04-04,62.76
2024-04-05,64.99
2024-04-08,68.13
2024-04-09,68.73
2024-04-10,67.45
2024-04-11,72.98
2024-04-12,76.76
2024-04-15,75.68
2024-04-16,78.98
2024-04-17,75.07
2024-04-18,76.74
2024-04-19,73.82
2024-04-22,71.16
2024-04-23,70.45
2024-04-24,71.31
2024-04-25,73.37
2024-04-26,71.79
2024-04-29,70.26
2024-04-30,73.51
2024-05-01,73.33
2024-05-02,78.4
2024-05-03,77.86
2024-05-06,79.15
2024-05-07,76.75
2024-05-08,77.51
2024-05-09,79.21
2024-05-10,77.75
2024-05-13,75.48
2024-05-14,75.92
2024-05-15,75.1
2024-05-16,75.79
2024-05-17,76.43
2024-05-20,80.25
2024-05-21,82.44
2024-05-22,82.4
2024-05-23,81.97
2024-05-24,81.75
2024-05-27,82.44
2024-05-28,80.64
2024-05-29,79.86
2024-05-30,81.61
2024-05-31,80.12
2024-06-03,80.23
2024-06-04,77.82
2024-06-05,77.27
2024-06-06,77.57
2024-06-07,76.81
2024-06-10,76.17
2024-06-11,75.99
2024-06-12,76.11
2024-06-13,76.08
2024-06-14,73.46
2024-06-17,73.15
2024-06-18,73.7
2024-06-19,75.67
2024-06-20,74.47
2024-06-21,73.3
2024-06-24,72.46
2024-06-25,73.08
2024-06-26,72.01
2024-06-27,71.73
2024-06-28,72.59
2024-07-01,76.25
2024-07-02,79.19
2024-07-03,79.29
2024-07-04,78.52
2024-07-05,78.84
2024-07-08,77.3
2024-07-09,76.82
2024-07-10,76.15
2024-07-11,76.61
2024-07-12,77.53
2024-07-15,75.79
2024-07-16,76.22
2024-07-17,74.56
2024-07-18,74.45
2024-07-19,74.29
2024-07-22,72.52
2024-07-23,73.65
2024-07-24,76.66
2024-07-25,74.86
2024-07-26,76.05
2024-07-29,76.97
2024-07-30,76.91
2024-07-31,77.55
2024-08-01,83.03
2024-08-02,82.33
2024-08-05,80.17
2024-08-06,81.6
2024-08-07,82.31
2024-08-08,82.89
2024-08-09,81.81
2024-08-12,84.74
2024-08-13,83.15
2024-08-14,83.83
2024-08-15,84.11
2024-08-16,84.59
2024-08-19,85.31
2024-08-20,85.23
2024-08-21,84.15
2024-08-22,83.48
2024-08-23,82.97
2024-08-26,82.22
2024-08-27,83.39
2024-08-28,82.55
2024-08-29,82.89
2024-08-30,82.0
2024-09-02,83.12
2024-09-03,80.44
2024-09-04,79.08
2024-09-05,78.13
2024-09-06,78.49
2024-09-09,78.51
2024-09-10,76.62
2024-09-11,78.37
2024-09-12,77.25
2024-09-13,76.7
2024-09-16,74.6
2024-09-17,75.94
2024-09-18,75.18
2024-09-19,74.14
2024-09-20,74.81
2024-09-23,75.65
2024-09-24,75.38
2024-09-25,77.0
2024-09-26,78.51
2024-09-27,78.28
2024-09-30,77.38
2024-10-01,69.36
2024-10-02,68.26
2024-10-03,68.44
2024-10-04,67.66
2024-10-07,67.35
2024-10-08,65.74
2024-10-09,67.62
2024-10-10,70.88
2024-10-11,70.46
2024-10-14,71.94
2024-10-15,70.98
2024-10-16,68.73
2024-10-17,68.68
2024-10-18,67.91
2024-10-21,67.35
2024-10-22,67.88
2024-10-23,70.76
2024-10-24,72.66
2024-10-25,73.03
2024-10-28,72.4
2024-10-29,73.36
2024-10-30,71.39
2024-10-31,70.42
2024-11-01,67.89
2024-11-04,69.33
2024-11-05,68.35
2024-11-06,67.78
2024-11-07,70.2
2024-11-08,72.31
2024-11-11,71.83
2024-11-12,71.79
2024-11-13,70.49
2024-11-14,72.57
2024-11-15,72.3
2024-11-18,73.89
2024-11-19,72.42
2024-11-20,72.69
2024-11-21,74.4
2024-11-22,73.63
2024-11-25,74.26
2024-11-26,73.59
2024-11-27,72.78
2024-11-28,71.89
2024-11-29,72.71
2024-12-02,72.13
2024-12-03,71.77
2024-12-04,71.11
2024-12-05,70.56
2024-12-06,71.58
2024-12-09,69.55
2024-12-10,71.44
2024-12-11,71.92
2024-12-12,69.26
2024-12-13,67.51
2024-12-16,66.35
